province,district,election_type,drive_id,extracted_valid,weak_summary,ref_valid,delta_valid_vs_killernay,exact_killernay
กระบี่,1,constituency,1oGYn79Mr7OqXb2I7JFmy1Y3YhtNda7mN,90061.0,False,90061.0,0.0,True
กระบี่,1,party_list,1tmEswtv_et-SilrPhGMrADBYgb7o7FAF,91354.0,False,91354.0,0.0,True
กระบี่,2,constituency,1O-m1c3dlYRHNvRZ1zcAs9wVOkeAtYE_W,78999.0,False,78999.0,0.0,True
กระบี่,2,party_list,19jHMap174RCPniYk-ouSw4Hjc4x_kP5_,81262.0,False,81262.0,0.0,True
กระบี่,3,constituency,1fDLms3hZKRQNDEmX0iWuFH1SiM8VqLJo,87853.0,False,87853.0,0.0,True
กระบี่,3,party_list,17AASdaeTCYe2PU4qDr31GNBjag0QUNfy,89432.0,False,89432.0,0.0,True
กรุงเทพมหานคร,1,constituency,1eMio2cG71gPV0BNYPs4_3RWVxFrJEeTc,77075.0,False,77075.0,0.0,True
กรุงเทพมหานคร,1,party_list,1RM3qfUAS0JITAJql_TnTn5899nD8au33,78517.0,False,78517.0,0.0,True
กรุงเทพมหานคร,2,constituency,1yYV_7WvATIkrXZ9Yl1I7I_12nzxNUgk4,83874.0,False,83874.0,0.0,True
กรุงเทพมหานคร,2,party_list,1l8FFCSWg3cBfI79LLiauIV5AOcH8PsJ6,86220.0,False,86220.0,0.0,True
กรุงเทพมหานคร,3,constituency,1mRmRW0mCj0-cGmv7gqfBvCbRLLHe7zkS,76775.0,False,76775.0,0.0,True
กรุงเทพมหานคร,3,party_list,12PCZZ-z57PUhbjVN66TD4v71KuT5rmXn,78875.0,False,78875.0,0.0,True
กรุงเทพมหานคร,4,constituency,1JxW3LXY1b4DjkSHoN1mgZlWjq5pVLRAY,77982.0,False,77982.0,0.0,True
กรุงเทพมหานคร,4,party_list,11TtqKq_g89uBA4QUWeYEpWMa-2RCvWWY,79302.0,False,79302.0,0.0,True
กรุงเทพมหานคร,5,constituency,12OhytfHmQj9DZwl72aJuFmjZtd5FQU-N,90792.0,False,90792.0,0.0,True
กรุงเทพมหานคร,5,party_list,17KQ-MXVGSeRLj_TGp1R6zwTBBG_TKfOd,92832.0,False,92832.0,0.0,True
กรุงเทพมหานคร,6,constituency,1HVBCILZX94fkIhkOjOX5nliBfcw4nwTF,94391.0,False,94391.0,0.0,True
กรุงเทพมหานคร,6,party_list,1bpWv-h95Kofiy5QSxIdC1Efp4HCK0E9S,96499.0,False,96499.0,0.0,True
กรุงเทพมหานคร,7,constituency,1ValgLEY9IDP2tjduGw73t2M8x6aEuSKl,85181.0,False,85181.0,0.0,True
กรุงเทพมหานคร,7,party_list,1LOYfrXZdBQ46zkd2dB4JMFoPQ8MX8JeS,88053.0,False,,,False
กรุงเทพมหานคร,8,constituency,1BZw_U1BCA58Z3UeKze75FYgglhYX4AwY,96755.0,False,96755.0,0.0,True
กรุงเทพมหานคร,8,party_list,1rndy_28Qf8uaQkXya8n0ynl4V6CF7xCK,100236.0,False,100236.0,0.0,True
กรุงเทพมหานคร,9,constituency,1VglyVY0ywHxYKGyc7OWWGGp5Okd8j2zZ,95111.0,False,95111.0,0.0,True
กรุงเทพมหานคร,9,party_list,1jYAiopAyLGOwbL1mba_PT1FcHrspuSPO,98361.0,False,98361.0,0.0,True
กรุงเทพมหานคร,10,constituency,1AIZIgOpf-7FHKnwxzEkzGJNUciJe7AE7,91913.0,False,91913.0,0.0,True
กรุงเทพมหานคร,10,party_list,1zURCYs0SFfMzjT0Xg01FdcTscegnSRLd,94890.0,False,94890.0,0.0,True
กรุงเทพมหานคร,11,constituency,1MEEhXhNx4j9A17_xD92KmQ4e63SmhDpg,94993.0,False,94993.0,0.0,True
กรุงเทพมหานคร,11,party_list,1Jn04KDYVmVblmPMmgIc_Z0Vnqjie9Zps,96112.0,False,96112.0,0.0,True
กรุงเทพมหานคร,12,constituency,126l2phoIXU_8ORXIhxMCUGp1VhNEGEf9,103439.0,False,103439.0,0.0,True
กรุงเทพมหานคร,12,party_list,17kN56fpRgdAKLnClJxTKRA74idHwxMCV,106736.0,False,106754.0,-18.0,False
กรุงเทพมหานคร,13,constituency,13wKNxoo4Q4GN0EH4IZCKnLcagxF0x9EN,90508.0,False,90508.0,0.0,True
กรุงเทพมหานคร,13,party_list,1doN9xzbnfjY3AZFNlVEj5Ut1IbYsbbPZ,93463.0,False,93463.0,0.0,True
กรุงเทพมหานคร,14,constituency,1nH5Ofm5U22ilGnFqJl6XL11GB-bQ0OIT,93467.0,False,93467.0,0.0,True
กรุงเทพมหานคร,14,party_list,1NxOoIsojb6clRv0EMKCUV1orYSZYpy-u,95365.0,False,95365.0,0.0,True
กรุงเทพมหานคร,15,constituency,missing::กรุงเทพมหานคร::15::constituency,,True,,,False
กรุงเทพมหานคร,15,party_list,missing::กรุงเทพมหานคร::15::party_list,,True,,,False
กรุงเทพมหานคร,16,constituency,1e4v-9wAYX_S3FW8uShYaypKDcU12uS99,94218.0,False,94218.0,0.0,True
กรุงเทพมหานคร,16,party_list,1_STcC_HfWQ0wkfOICppfZ34_pRlKx5E5,96550.0,False,96550.0,0.0,True
กรุงเทพมหานคร,17,constituency,1w3OSjYXd8Dnf3mHnuYsmyziJT7xcVfhd,71720.0,False,71720.0,0.0,True
กรุงเทพมหานคร,17,party_list,1Hy-K1YX2C-AMHfQiTVcelMXkV1f2-pCt,73773.0,False,73773.0,0.0,True
กรุงเทพมหานคร,18,constituency,1b62sjGfa-FTcRNvMPwYuLqpVeFlzcAo1,80204.0,False,80204.0,0.0,True
กรุงเทพมหานคร,18,party_list,1B-qW1g5qi4Dz0uW9K2vTzZthRzdDX1zr,82064.0,False,82064.0,0.0,True
กรุงเทพมหานคร,19,constituency,1NwGf-MJFU8oxNzTWv6gMLnxIS9sNIhGH,92191.0,False,92191.0,0.0,True
กรุงเทพมหานคร,19,party_list,18CoxX7jIOV3Oo-m5jqj6FEvkPsSQ25UF,94973.0,False,95000.0,-27.0,False
กรุงเทพมหานคร,20,constituency,1-hsdjz9J86nvvKe9ELI3kdejY49BtLMh,81935.0,False,81935.0,0.0,True
กรุงเทพมหานคร,20,party_list,1PaeKK0z_QeFNIimb3p_LYBr_I919UyQ6,83120.0,False,83120.0,0.0,True
กรุงเทพมหานคร,21,constituency,1wgJsCUVKYaLjMvn6xcd_-KbbWXimICYM,91346.0,False,91346.0,0.0,True
กรุงเทพมหานคร,21,party_list,172nWIHWH1nQw3yOCn2qaEblE43LCli7J,92788.0,False,92788.0,0.0,True
กรุงเทพมหานคร,22,constituency,1RkVRmdFKVTydfk9vDV5_h8C6h41iSa50,85558.0,False,85558.0,0.0,True
กรุงเทพมหานคร,22,party_list,151SpXwRG8ebTcuaTXjD3ZMdCSU8ktfe8,88283.0,False,88283.0,0.0,True
กรุงเทพมหานคร,23,constituency,1vvetQAREhZztZ-Ct-JpY8v8tUJN77QlJ,94233.0,False,94233.0,0.0,True
กรุงเทพมหานคร,23,party_list,1SD0rWW7AeH3-tDPFSH4wGJam24FQyrol,96512.0,False,96512.0,0.0,True
กรุงเทพมหานคร,24,constituency,1qyQZCwTt3nl-d4OHF0y2CzQMbyoyL-h9,89356.0,False,89356.0,0.0,True
กรุงเทพมหานคร,24,party_list,1w7k2NNR2pdp32OKIfy_TcV_kUazCaY5F,92221.0,False,92221.0,0.0,True
กรุงเทพมหานคร,25,constituency,1uGJc1eCCl9sBQyDElUshteZt8PBRGoh9,84112.0,False,84112.0,0.0,True
กรุงเทพมหานคร,25,party_list,1J2kezMLitGrEDa8bTnFFtF0UDSYe4Wxi,85329.0,False,85329.0,0.0,True
กรุงเทพมหานคร,26,constituency,1v0fjDVsaMyAwTqhEtF0v03QvwIF2ayFd,90037.0,False,90037.0,0.0,True
กรุงเทพมหานคร,26,party_list,1otADY98vhxj0tUwI4-msaULPea5d2yyh,92428.0,False,92428.0,0.0,True
กรุงเทพมหานคร,27,constituency,1y90eL9XEvS1hOg6AVVQliudyVtZumsM0,90381.0,False,90381.0,0.0,True
กรุงเทพมหานคร,27,party_list,1DUgO6vxwWpEKG9nLesbPDcMCMcFHBvGU,91873.0,False,91873.0,0.0,True
กรุงเทพมหานคร,28,constituency,1BbPEmZso37SzPaFKWN8y-YF-BQCTdBjZ,91560.0,False,91560.0,0.0,True
กรุงเทพมหานคร,28,party_list,1awoGIPZJtfFq5wFTRTMS3IEbIkm0iqYW,94612.0,False,94612.0,0.0,True
กรุงเทพมหานคร,29,constituency,1MKaK-R4XmDTI_3YPXH9HEDni6ZlnwjHh,96248.0,False,96248.0,0.0,True
กรุงเทพมหานคร,29,party_list,1xmv9Dureju69TuqgL3xjtYP9Ay1oszRl,98610.0,False,98610.0,0.0,True
กรุงเทพมหานคร,30,constituency,1rUXXCcT-JT84VYb6OjO89_GBPs6srGEB,92533.0,False,92533.0,0.0,True
กรุงเทพมหานคร,30,party_list,1oo6QYeRZqii--5i9Qi8V0BMDyGZPo7Gy,94745.0,False,94745.0,0.0,True
กรุงเทพมหานคร,31,constituency,1-FFUjiScNltaO9ur5Cf7ZVNBC6AuzR2K,98491.0,False,98491.0,0.0,True
กรุงเทพมหานคร,31,party_list,13zKTOzhdu9eDL8Z5-d0EHIMb2tOPtgGa,101855.0,False,101855.0,0.0,True
กรุงเทพมหานคร,32,constituency,1Oc6RvuUPxGsSHtjvpn5opoiaEkVMOWET,85631.0,False,85631.0,0.0,True
กรุงเทพมหานคร,32,party_list,1QCv3qS4eP5SCCUixG4NNsyI4mOkvqFA8,88915.0,False,88915.0,0.0,True
กรุงเทพมหานคร,33,constituency,1KTQwfCYT6bpqVPd0KkccjtexXf0PnAAI,94416.0,False,94416.0,0.0,True
กรุงเทพมหานคร,33,party_list,1d92Vh0IJgcjK3OMBJ5WVPlEyAt6mnmUO,97764.0,False,97764.0,0.0,True
กาญจนบุรี,1,constituency,1bU_V2e4i9AbSEKCe4zI1yLbMvvE6akey,85850.0,False,85850.0,0.0,True
กาญจนบุรี,1,party_list,1yRM9zPUd9rmohcr_ZmduvqRP9vnryJo5,86461.0,False,86461.0,0.0,True
กาญจนบุรี,2,constituency,1swApPWHOLi0VxCh_d0bQ7pwnIN79xDV6,97680.0,False,97680.0,0.0,True
กาญจนบุรี,2,party_list,1Wcc0QkoMbiRjVpSqaqQuDSle-DyJLGVv,94230.0,False,94230.0,0.0,True
กาญจนบุรี,3,constituency,15OKzVH_AbuDuJ-ObFxu_V1w7xAGKPY3G,107950.0,False,107950.0,0.0,True
กาญจนบุรี,3,party_list,14qb8aMSCsjS4fm8mQyivUJ1x5vq8tylC,104226.0,False,104226.0,0.0,True
กาญจนบุรี,4,constituency,1dw2JDU-eVt8_4NvbH3qpTOlY90oWNsgV,82897.0,False,82897.0,0.0,True
กาญจนบุรี,4,party_list,13F8T5iVN7UE57wGN5AQazEk6CT4xi5Gu,82014.0,False,82014.0,0.0,True
กาญจนบุรี,5,constituency,15BcN6nm4R5E2beE5QxzweMxEwRuWhKAx,82962.0,False,82962.0,0.0,True
กาญจนบุรี,5,party_list,1U_kPgLO62RM59xsyHlEVsTyM3AyIia9N,81443.0,False,81443.0,0.0,True
กาฬสินธุ์,1,constituency,1zyrX9yI2WDi4GVmDKDN_1krGBRIeIugv,83744.0,False,83744.0,0.0,True
กาฬสินธุ์,1,party_list,1VKae75PH9ewqe33kglXKzZdZQf1t2dJo,83229.0,False,82880.0,349.0,False
กาฬสินธุ์,2,constituency,1W15Zq7awfjPWG12O4wEcU7-QwD7iaG4l,76321.0,False,76321.0,0.0,True
กาฬสินธุ์,2,party_list,1-qhBuVRvuhNbIxJt4AhgzV2BObfB_nca,76444.0,False,76444.0,0.0,True
กาฬสินธุ์,3,constituency,1mGtSJULd1IlNZNXY86WOMVyeP4csLOec,78033.0,False,78033.0,0.0,True
กาฬสินธุ์,3,party_list,1scigaTGzKtvzU6hDn47aEOAaUu3HrkXn,75717.0,False,75717.0,0.0,True
กาฬสินธุ์,4,constituency,19W7Wze7o2z5WDi1Js-RXaCWVLU8h_jGb,85649.0,False,85649.0,0.0,True
กาฬสินธุ์,4,party_list,18oshrxx8LV1eCCZnZDDkbcpGqeh8o5R3,83586.0,False,83586.0,0.0,True
กาฬสินธุ์,5,constituency,1peRDABTfr2gyblRFtUuLwDL2SBW-2kLF,89758.0,False,89758.0,0.0,True
กาฬสินธุ์,5,party_list,1QXgR7tupgFj4HiFQ4y2rE138sFh0JkFk,87638.0,False,87638.0,0.0,True
กาฬสินธุ์,6,constituency,1dcth62P1ypYEi_oTtzWh8Y3ryEUBeeGH,91466.0,False,91466.0,0.0,True
กาฬสินธุ์,6,party_list,1LOXrlcTzHEdcyCJA58DKqTv6JkgiQQfL,89550.0,False,89550.0,0.0,True
กำแพงเพชร,1,constituency,12AJd0tUDsyw6IaIl7E9G0wd20kywfnRy,90911.0,False,90911.0,0.0,True
กำแพงเพชร,1,party_list,1TAumYeeAL79Wyq640wH6KguHuGvVs0a_,91264.0,False,91264.0,0.0,True
กำแพงเพชร,2,constituency,1NIluGKk9rkWbP9EtYpEE6cC6PHx_y_Bw,97504.0,False,97504.0,0.0,True
กำแพงเพชร,2,party_list,1UBIvrN7C6fYxebLeRlbVRrQRVMVyhMHp,94653.0,False,94653.0,0.0,True
กำแพงเพชร,3,constituency,12fpaLotgxlIDzg44Qn4K58pKJQVrFhN5,83994.0,False,83994.0,0.0,True
กำแพงเพชร,3,party_list,1JKuTUuv2_jAxTwFMQy1yY64naTKKLMpN,81932.0,False,81932.0,0.0,True
กำแพงเพชร,4,constituency,1g6GPyxzpYNmhj6M3Y5aeHvsXQRajqtpy,86283.0,False,86283.0,0.0,True
กำแพงเพชร,4,party_list,1tmoq6JvFw7LtiKE5iVCmlgqH-8po_8B_,84498.0,False,84498.0,0.0,True
ขอนแก่น,1,constituency,1omeFP2AmW4UZ-nzTDIz2OMKRemMyoVnX,83007.0,False,83007.0,0.0,True
ขอนแก่น,1,party_list,1-3BkUb0iiE6ld1rCzofaIaYZOKmU-jGs,85337.0,False,85337.0,0.0,True
ขอนแก่น,2,constituency,1o7M5eV-xVDybAPMEGW8zB2fNpetFFjEj,96299.0,False,96299.0,0.0,True
ขอนแก่น,2,party_list,1pbqyfJc3osHAzdyz40u7ORu-ck8aPzJe,98548.0,False,98548.0,0.0,True
ขอนแก่น,3,constituency,1uhLo9KDViWMLVbHNT7VtClNlFY2tMwio,84748.0,False,84748.0,0.0,True
ขอนแก่น,3,party_list,16OISCaCy8u3P_6tXQ0Pg9ZyWuBoDkDGS,84521.0,False,84521.0,0.0,True
ขอนแก่น,4,constituency,1NdMSu0P6NSIap-c7ZMbMxRJaRFU5wWEu,90702.0,False,90702.0,0.0,True
ขอนแก่น,4,party_list,1rpXuurv9vkRqRTlAwAIubI1XjE2p0blv,88920.0,False,88920.0,0.0,True
ขอนแก่น,5,constituency,1XHTpaTferlNSVC_8klXkUOvIA7Zju4hT,81109.0,False,81109.0,0.0,True
ขอนแก่น,5,party_list,1FTItBZdrfML1IGKwpbhsr4blphBpdM17,79025.0,False,79025.0,0.0,True
ขอนแก่น,6,constituency,1ars2_Oam6a7GjyXeFfjW2G5kBhAGecX8,79916.0,False,79916.0,0.0,True
ขอนแก่น,6,party_list,1mcQlzshoDrUGCmcQtFfWoret_agpIARx,79070.0,False,79070.0,0.0,True
ขอนแก่น,7,constituency,1aS2cnm3TZTxzaaqOfU0fg_vhHjwNl5lz,83207.0,False,83207.0,0.0,True
ขอนแก่น,7,party_list,1GDCFtiEf56CaCcxbXLTodwrzB97ecoxJ,83183.0,False,83257.0,-74.0,False
ขอนแก่น,8,constituency,1_bFGWp1va2Ei4lhSGRgCwubqatmZ3tlU,89683.0,False,89683.0,0.0,True
ขอนแก่น,8,party_list,1Yby3ciXDcsh8AegFYAIfLFP97rjeLBkz,89655.0,False,89655.0,0.0,True
ขอนแก่น,9,constituency,1J203qZwj8n27Wla6qa3tij7xtXKOOqR2,81101.0,False,81101.0,0.0,True
ขอนแก่น,9,party_list,1wBY1b8jpU2qZ4mr3IlOU2VIUDJWGICqx,80096.0,False,80096.0,0.0,True
ขอนแก่น,10,constituency,1-HL5orOff1JDiAKmv1bXQCeVDHlZDh3x,83757.0,False,83757.0,0.0,True
ขอนแก่น,10,party_list,1ZBmyKCeKZkJzCWu6IhV-lkZyQpOj8o2h,83642.0,False,83642.0,0.0,True
ขอนแก่น,11,constituency,1wwIP0vHZhfxPATiI8EDPkIqNsiWgSqPx,76313.0,False,76313.0,0.0,True
ขอนแก่น,11,party_list,1aGWSG4Edoqrjz2etRM7Rh8cYErpCKdu2,76425.0,False,76425.0,0.0,True
จันทบุรี,1,constituency,10QmKjO9I2zkIiL3J0Xg8ZWk-dDBLodBa,100866.0,False,100866.0,0.0,True
จันทบุรี,1,party_list,1we1xnjYFLzuZwqa8ot94inj6gMYaUK-b,100429.0,False,100429.0,0.0,True
จันทบุรี,2,constituency,1e0BgFUS24GdSS3kuL0GAbsvNhfj8oEI4,91807.0,False,91807.0,0.0,True
จันทบุรี,2,party_list,15_Opsc7LikcO6Ib8l9Ie3HsG3LWC46w8,91950.0,False,91950.0,0.0,True
จันทบุรี,3,constituency,1RmxW3WC99vrsuZw-KNd7J1ZQKDD6cuLD,91176.0,False,91176.0,0.0,True
จันทบุรี,3,party_list,1rAt7qS4bvBp9dqFsn4xHKCZImcx5jhen,90597.0,False,90597.0,0.0,True
ฉะเชิงเทรา,1,constituency,14Nw6SyLQ-9VSM9rpTBrZWAM46Z2MDl6F,96004.0,False,96004.0,0.0,True
ฉะเชิงเทรา,1,party_list,14623oa9bPQ46Mbuy6l5CeotpUk-jXv0U,100617.0,False,100617.0,0.0,True
ฉะเชิงเทรา,2,constituency,1BQ83KRX2Zdy-2e3Ysu7g7nrPGKKwjtdL,109828.0,False,109828.0,0.0,True
ฉะเชิงเทรา,2,party_list,1SJzm-Uul8xxJXCoFfGWhxlOFf1pULfYP,107806.0,False,107806.0,0.0,True
ฉะเชิงเทรา,3,constituency,1ihcB95g1ULPyw4FR5SsANWy9MsNwNv28,93753.0,False,93753.0,0.0,True
ฉะเชิงเทรา,3,party_list,1zY_YsKeZV5bXpsA2NFXFGRbo5ZicUIPi,94168.0,False,94168.0,0.0,True
ฉะเชิงเทรา,4,constituency,1aJDY6jDoR5-QBmd5Lcxns97DgUHXiqW2,112107.0,False,112107.0,0.0,True
ฉะเชิงเทรา,4,party_list,1xajRSvEBoBkD7humpCQaUJw75_FogcyQ,111464.0,False,111464.0,0.0,True
ชลบุรี,1,constituency,1o4aTepSQFEnoRV4owjzj0KXLy3C1aDeE,97585.0,False,97585.0,0.0,True
ชลบุรี,1,party_list,1RPliZCYMtid_66mMSptogZ2Ov7vLEEI6,98214.0,False,98214.0,0.0,True
ชลบุรี,2,constituency,1UHrjDPOpmNm04LV-p1CZqY1GdUWGkJCh,78825.0,False,78825.0,0.0,True
ชลบุรี,2,party_list,1fFegyikuWkk4jnavpt1-dCK-CkokPu1M,79159.0,False,79159.0,0.0,True
ชลบุรี,3,constituency,1N8A5d2vxjIe02yGKOsMB0Yx76-NcJ6z5,90301.0,False,90301.0,0.0,True
ชลบุรี,3,party_list,1T4LvEdP1tIIf4unGuSJRkz2MGuM_Wena,91927.0,False,91927.0,0.0,True
ชลบุรี,4,constituency,1G6S4w7kgU84X9ZfujGg1ws7XTgYOb0J5,80770.0,False,80770.0,0.0,True
ชลบุรี,4,party_list,1533xIfpTyRUfCWb3OHbDu38VdC2PFsNX,80879.0,False,80879.0,0.0,True
ชลบุรี,5,constituency,1vvtdVELx6Uy-UCXIy-mI9dywJR3aypgU,95514.0,False,95514.0,0.0,True
ชลบุรี,5,party_list,1xgSJUkXE01ohbXKX0_4ZelS8LUfYDNKN,95056.0,False,95056.0,0.0,True
ชลบุรี,6,constituency,1gryJUqkBd4743lo9YwyKsUY7VBGs9y7v,89423.0,False,89423.0,0.0,True
ชลบุรี,6,party_list,1gbJGolaObci3aL5RIE0wRfYvYE_5TQsB,90677.0,False,90677.0,0.0,True
ชลบุรี,7,constituency,1Qo3iFTyE9LLEH6mlIWN0TlmFnUeD9zbD,82754.0,False,82754.0,0.0,True
ชลบุรี,7,party_list,14ZauwDE1lFfHrueRHgJxSZdOqDmj9KPZ,83989.0,False,83989.0,0.0,True
ชลบุรี,8,constituency,1fUq3X3-b42FixRx5kn810RUVTQFuFwp0,86994.0,False,86994.0,0.0,True
ชลบุรี,8,party_list,1XyT1Qm-Relx0u2G2RimnOebrnpuyNxZL,88210.0,False,88210.0,0.0,True
ชลบุรี,9,constituency,1tElS-omfn39W2UNolZqnSLIjsRMUGnZh,62409.0,False,62409.0,0.0,True
ชลบุรี,9,party_list,1mLnt8T0FLDmt4GPoGc68gP9hATExvahL,65089.0,False,65089.0,0.0,True
ชลบุรี,10,constituency,1YSZ7bExOx_gVbNQxusQZYozXqdvvRyb1,82457.0,False,82457.0,0.0,True
ชลบุรี,10,party_list,19CqLtI8295pA-t9gZ8JoEvN5pzSDsNfO,82021.0,False,82021.0,0.0,True
ชัยนาท,1,constituency,1oHtsiTENlPEIJmvbmOechAuSmkXxysUp,80770.0,False,80770.0,0.0,True
ชัยนาท,1,party_list,1pSzYLedpO7n6rH6eGrs28lFP4-e2VRhJ,84121.0,False,84121.0,0.0,True
ชัยนาท,2,constituency,108lzSD4F6xxAtJLCC2Cg0SbkHMz7737m,84484.0,False,84484.0,0.0,True
ชัยนาท,2,party_list,15xeVGigdM-BFo_spOikbkeoXxpm1zOp1,84197.0,False,84197.0,0.0,True
ชัยภูมิ,1,constituency,1qRbWj49s4ZgS2EUihGH08sIJIIrc0v-8,81673.0,False,81673.0,0.0,True
ชัยภูมิ,1,party_list,1I_RDI6wG2NWTc_C9wNwRFVXql_oD273o,81028.0,False,81028.0,0.0,True
ชัยภูมิ,2,constituency,13s05tIh_IkfRhoCRoUSY4ub0_MHy3OSJ,79326.0,False,79326.0,0.0,True
ชัยภูมิ,2,party_list,1quRSxkHzEZ3lJMfGYKnMsHCimzsd-89W,79374.0,False,79374.0,0.0,True
ชัยภูมิ,3,constituency,1d_WSPp34LhBOzdOFgqvBL2l8S2frHpcO,75289.0,False,75289.0,0.0,True
ชัยภูมิ,3,party_list,1Brx0-sj9-1Zh0uGTuliR5GCqtTJVYHN8,73106.0,False,73106.0,0.0,True
ชัยภูมิ,4,constituency,1ZLFiPya-SQa4sF4rHBg5maHyVNSl1cVb,72809.0,False,72809.0,0.0,True
ชัยภูมิ,4,party_list,18RG_JdaXbSTIUJ4XBI3-ZJo8X0YfK1cG,70825.0,False,70825.0,0.0,True
ชัยภูมิ,5,constituency,125RIB2Ciq737IO4Ckk0nWl9b_Kp5HbTs,85450.0,False,85450.0,0.0,True
ชัยภูมิ,5,party_list,13djW1mz6PEw7f_u6ihBAg-t9p_wZa8td,82473.0,False,82473.0,0.0,True
ชัยภูมิ,6,constituency,1GnOyv-oSuWPFvD6AXMw3iZwItrlh1xfV,83346.0,False,83346.0,0.0,True
ชัยภูมิ,6,party_list,1Vt_fecvJV-0GxOXqS7u7fdVC_OIpQq3M,81810.0,False,81810.0,0.0,True
ชัยภูมิ,7,constituency,1zFzg9N8ch5fcFc87zpxhZJ6Bs7KbCARg,81542.0,False,81542.0,0.0,True
ชัยภูมิ,7,party_list,1lT4IC9SABxbKkDvbXKfWuBdrTipCOy7y,78848.0,False,78848.0,0.0,True
ชุมพร,1,constituency,1OYG1YT56sF81GQlbSv1QPcJt2PswSdN4,96247.0,False,96247.0,0.0,True
ชุมพร,1,party_list,1SIPu5zK9_iVCVkjH_JJfXqqVJSBP9ubk,98390.0,False,98390.0,0.0,True
ชุมพร,2,constituency,1XundJ9C6RsYq81yWyiZLwZzO4HRvbz2J,101248.0,False,101248.0,0.0,True
ชุมพร,2,party_list,1huwpNNhW4OVFhEWD1nKTjeNsrvbIvsC8,101680.0,False,101680.0,0.0,True
ชุมพร,3,constituency,12GJSERpD3ou8W6Lv7du5BdT2ELPBlaX6,94965.0,False,94965.0,0.0,True
ชุมพร,3,party_list,1vwe5AfBOIa7X-rw0UdtMsiOOEOCRFmIk,95882.0,False,95882.0,0.0,True
ตรัง,1,constituency,1Q1F0wnsM3knJdlwrj9qVfACFUyRRKU2y,90521.0,False,90521.0,0.0,True
ตรัง,1,party_list,1m8zkzIy2dQTolSGT2csl2cdKu-DyTTUs,93222.0,False,93222.0,0.0,True
ตรัง,2,constituency,1ySBEX4zLuxtOgmriabNvdt9eAppbwEfA,95121.0,False,95121.0,0.0,True
ตรัง,2,party_list,1RnesNDG4UOHelHtTD5pyY2PTVHoZRtL3,95905.0,False,95905.0,0.0,True
ตรัง,3,constituency,1Vhwsmt8VIVMt8TAcQyhXk6u2NLPoGpOZ,88101.0,False,88101.0,0.0,True
ตรัง,3,party_list,1YCDqit5ifppX1qBsBGOqQtvW8JMGCcX7,89986.0,False,89986.0,0.0,True
ตรัง,4,constituency,1av9wvnXH5jxyRGssfIAVZePZMYMbKIkF,93671.0,False,93671.0,0.0,True
ตรัง,4,party_list,1Dq-TqdX1PUGUFUC07yrrgH4UO2gkRCOT,94473.0,False,94473.0,0.0,True
ตราด,1,constituency,1jz-0kVy9dA3AH5EAzo4iPBP0MpfwO1Gw,115576.0,False,115576.0,0.0,True
ตราด,1,party_list,1rvAzvx4i5PFLNZvBolJascEq1CcNWoGo,114946.0,False,114946.0,0.0,True
ตาก,1,constituency,1MAy5f78uCbD9OmYgEURKvMha3ql7qBKg,96390.0,False,96390.0,0.0,True
ตาก,1,party_list,1thMQoxDTawtfInvIFwFylVudDutMsrKV,94793.0,False,94793.0,0.0,True
ตาก,2,constituency,14OLeBu0jiQhxyVdV9_Rlo29N-dYnlhVj,61640.0,False,61640.0,0.0,True
ตาก,2,party_list,1LwrSoTyfxwwQg6jdanraUS2B1uq6Ju_U,78750.0,False,78750.0,0.0,True
ตาก,3,constituency,1KIoQKdn5e64suspSX-eAp5iWXNVeWSHl,85954.0,False,85954.0,0.0,True
ตาก,3,party_list,1DIYLw1ohyhkPCJ5cQzXiTbUQ5tDXaBoq,87421.0,False,87421.0,0.0,True
นครนายก,1,constituency,1CwSaIrN8aqGRbkJ6FzVTrnasSp0zJYQv,76781.0,False,76781.0,0.0,True
นครนายก,1,party_list,16ILdq5whcBbg6CSp4C0OGZCaWGhCzZ1D,74982.0,False,74982.0,0.0,True
นครนายก,2,constituency,1NLKZCY9roqPgmSVUezIiZmTDi-4T210_,80797.0,False,80797.0,0.0,True
นครนายก,2,party_list,1rEHV4n5_MtFLUFkcQIV9Hmy1JkgvTllT,79406.0,False,79406.0,0.0,True
นครปฐม,1,constituency,1UmRDl0Jvn80w1JHRCNpE-dhsdZfe19iB,95931.0,False,95931.0,0.0,True
นครปฐม,1,party_list,1TxvcDFbPiVS-FAHj48dsMnwsls1m8PZo,95758.0,False,95758.0,0.0,True
นครปฐม,2,constituency,1uxiaiKqO4UDjeCUcn8RmFYYV8XFoY80P,88517.0,False,88517.0,0.0,True
นครปฐม,2,party_list,17_kmSc5xFuI_ITM7hCyQlOYwFy1FB7Du,87501.0,False,87501.0,0.0,True
นครปฐม,3,constituency,1yDnIyptGZaNcCmVc4D35AxSFBjmYXF57,83624.0,False,83624.0,0.0,True
นครปฐม,3,party_list,1JIM7_8xeyGmJfDlDfPovZWY_jG817FmD,82500.0,False,82526.0,-26.0,False
นครปฐม,4,constituency,1mxgffucPuVzy0un7RN1s_jO5XatI0Vvc,97930.0,False,97930.0,0.0,True
นครปฐม,4,party_list,1ivIXLVjTgD6AiWgylZS7lf1jzUgQPRb3,96709.0,False,96709.0,0.0,True
นครปฐม,5,constituency,1wBuFqYuxRvOuZFjsbV_EAIne8afm5d5T,99742.0,False,99742.0,0.0,True
นครปฐม,5,party_list,1_rUV0cxMoAFDW_iOD3g6wgxLHdnW0tC8,98825.0,False,98825.0,0.0,True
นครปฐม,6,constituency,12EWUH1UoYTIqSHOwpqypz6gqgypG5TSg,89774.0,False,89774.0,0.0,True
นครปฐม,6,party_list,1edFWLejArJQA1PKk_ukTFPUrBadcqdjT,91036.0,False,91036.0,0.0,True
นครพนม,1,constituency,1gHIIrx6ollkuOsxbeJvVvcrLZ23L3LwM,94537.0,False,94537.0,0.0,True
นครพนม,1,party_list,1jrWKMeEpHeW4PrWQPL1u9ck5lWoB6nE8,92903.0,False,92903.0,0.0,True
นครพนม,2,constituency,1eUWE2Yvh9fzOT2a0ACLYLopuDgJMVhLa,85967.0,False,85967.0,0.0,True
นครพนม,2,party_list,missing::นครพนม::2::party_list,,True,,,False
นครพนม,3,constituency,1c9ZE4822AqCc8uuu0k9YKz3cd3uhQXjv,88863.0,False,88863.0,0.0,True
นครพนม,3,party_list,1EvPknBEZtVGPGoOCyVqGwnuy9UD3jSlH,88074.0,False,88074.0,0.0,True
นครพนม,4,constituency,1VQ5lRThcfMGHU1zmKqFBODipcAAUJ8Ta,92181.0,False,92181.0,0.0,True
นครพนม,4,party_list,1eJpOeh07zyE0lAcRdTyMQRcRLLzPtPL1,90744.0,False,90744.0,0.0,True
นครราชสีมา,1,constituency,15ZGFtRWsjCMd5zInmWlMBH6irip22Cpj,80985.0,False,80985.0,0.0,True
นครราชสีมา,1,party_list,1N194FsykU8B2aO3OQlxq1SPyQd_ISMfi,83542.0,False,83542.0,0.0,True
นครราชสีมา,2,constituency,1ec3vCReFnYuwI7VXcn4CMfRmA9DNKSbC,96710.0,False,96710.0,0.0,True
นครราชสีมา,2,party_list,1gWjLeskpwPHfxYgpkfOxDr-DTymNtGxR,96874.0,False,96874.0,0.0,True
นครราชสีมา,3,constituency,1twC5qDcxqJD1-jKRgvuPNOE4z72CNSQJ,92622.0,False,92622.0,0.0,True
นครราชสีมา,3,party_list,1gmCNS-QmZ61IwAuTF3z3Wa3DsXN3_5En,93802.0,False,93802.0,0.0,True
นครราชสีมา,4,constituency,1_r5LHSoaIHYNliWSKNLRaagWj0-Nsok0,84302.0,False,84302.0,0.0,True
นครราชสีมา,4,party_list,11CPiXk5I-7dDEyeFCQ92DxwRMN5kgP4_,85195.0,False,85195.0,0.0,True
นครราชสีมา,5,constituency,1K2bZs0qeA8LjtbbzGOSo4BJAj_4c6259,87644.0,False,87644.0,0.0,True
นครราชสีมา,5,party_list,1nXv-7fapX3DrukXugwLjO8DEs9Z3LcpT,86005.0,False,86005.0,0.0,True
นครราชสีมา,6,constituency,1D-oOnbmgRY8dbqhq3X1tUm5Mr7919-lg,81811.0,False,81811.0,0.0,True
นครราชสีมา,6,party_list,1vdEI36JDfk5-TutXzrNil3pkk3d57Ho4,79241.0,False,79241.0,0.0,True
นครราชสีมา,7,constituency,1tpX1CiOz0-IBmoJ0hOU3hAZKmMtHHLY2,76958.0,False,76958.0,0.0,True
นครราชสีมา,7,party_list,17ynt_WhCwnc5i-vi9pg4B6_kDa8hmLcB,75590.0,False,75590.0,0.0,True
นครราชสีมา,8,constituency,1EFSKpTAYxeYPuZo85DvyfEYL4exnRaM4,79521.0,False,79521.0,0.0,True
นครราชสีมา,8,party_list,155RhiKVCp1DllniDeaXtNjin6Xz0LjNj,80704.0,False,80704.0,0.0,True
นครราชสีมา,9,constituency,1rp0vzjPS0gMJzmbm-vOqinT0Wu1qHtgW,87655.0,False,87655.0,0.0,True
นครราชสีมา,9,party_list,1Bto6q1I4SlNCMslnPOInXkCLxFKtHBZz,85355.0,False,85355.0,0.0,True
นครราชสีมา,10,constituency,1jNUzIezyu3kvIqF08M0zw7TF9Fl3f8dH,104308.0,False,104308.0,0.0,True
นครราชสีมา,10,party_list,1lUcGZjwlQ-1n3osX8Bq98g1spydLs_qE,101567.0,False,101567.0,0.0,True
นครราชสีมา,11,constituency,1pIQZVdUXvZKiqXyZh1d3QTKXyRkuasjc,85016.0,False,85016.0,0.0,True
นครราชสีมา,11,party_list,1GKeKNPDNhC3Ac0AVm6zrHoLFHrQ1VwQ1,84866.0,False,84866.0,0.0,True
นครราชสีมา,12,constituency,1FeBNUJeP079sxAsfXNmBLQZ-3ed7x8_E,86006.0,False,86006.0,0.0,True
นครราชสีมา,12,party_list,1v2EICTE2g_rk0MaZLUaZbjNU7fxX69kF,85430.0,False,85430.0,0.0,True
นครราชสีมา,13,constituency,1SFO8xaUkxrQPWEvAb4xieDOIM01nLEAm,66505.0,False,66505.0,0.0,True
นครราชสีมา,13,party_list,1aqb4gW7J2F7hpIeDGqbcitGTlzMFJzD7,69484.0,False,69484.0,0.0,True
นครราชสีมา,14,constituency,1wYOX4ZSpWAszq2dc7nZZMB2m6vVnR4Vc,73189.0,False,73189.0,0.0,True
นครราชสีมา,14,party_list,1dIloQHIC2gRxInzTnqCz2H074gyJIVpz,75906.0,False,75906.0,0.0,True
นครราชสีมา,15,constituency,15Kh9zyJuEQNP5zsO8PXf_zazEtJIMXOD,95199.0,False,95199.0,0.0,True
นครราชสีมา,15,party_list,1ANq39EuBPU1dpnDnfrvSgukgzeMoeUst,92072.0,False,92072.0,0.0,True
นครราชสีมา,16,constituency,1NzwSYAyAw6CwR9H2AsyavHm7ZAcwFOKh,83999.0,False,83999.0,0.0,True
นครราชสีมา,16,party_list,12xOw9O32QZAoERfrMLvrKraJCmpF2rjP,81924.0,False,81924.0,0.0,True
นครศรีธรรมราช,1,constituency,1-RiKVU10Q1flpzkTVZNYQb2d7qVcDXK_,91623.0,False,91623.0,0.0,True
นครศรีธรรมราช,1,party_list,1ZtT2rXfS_SbVtNrVCK-5Sacv1yTa6esU,94145.0,False,94145.0,0.0,True
นครศรีธรรมราช,2,constituency,160PpjAVMsGt1s52robMo5aa7qduqOhGP,91714.0,False,91714.0,0.0,True
นครศรีธรรมราช,2,party_list,1xbe1V0XBJb0MbsemcV_6tErL1S9VKpI-,94553.0,False,,,False
นครศรีธรรมราช,3,constituency,1DHM9lj2gC9uwDvIN33v2flrFpOwLwERK,93045.0,False,93045.0,0.0,True
นครศรีธรรมราช,3,party_list,1PhnT2OE5eS0sQwJg4IUGgJtZVx01--MI,93454.0,False,93454.0,0.0,True
นครศรีธรรมราช,4,constituency,1egL2J29xACWYPx6tH4JCXvBNk8hS9Bae,97047.0,False,97047.0,0.0,True
นครศรีธรรมราช,4,party_list,1K6p_C5Mi2HvzK0lJjt28-W9LeGLRM8r1,98120.0,False,98120.0,0.0,True
นครศรีธรรมราช,5,constituency,1hqMrx5lWZkssz_dSPlcn3SS6xrQdKajZ,100294.0,False,100294.0,0.0,True
นครศรีธรรมราช,5,party_list,1soT_TqXpEYf184nVPomy4dwzFBYQVPW3,100951.0,False,100951.0,0.0,True
นครศรีธรรมราช,6,constituency,1KbHuzEWBLEtlzVt0MBLVgVTGp-GcETzz,100028.0,False,100028.0,0.0,True
นครศรีธรรมราช,6,party_list,1Xvdw1rY3g0Q2CFuHmvuTQlVvol0jD47Q,100145.0,False,100145.0,0.0,True
นครศรีธรรมราช,7,constituency,1fgXH3wCFOjJcEtvV364-cEPdKEYjOAug,82744.0,False,82744.0,0.0,True
นครศรีธรรมราช,7,party_list,1G3c3YQuHiPiEw483TNUt2-caFR4htmZZ,91334.0,False,91334.0,0.0,True
นครศรีธรรมราช,8,constituency,1Asq3nWbmU1ZqWOjJVKPnuIIx2_v0TH7v,92847.0,False,92847.0,0.0,True
นครศรีธรรมราช,8,party_list,1nckwSq4UtM-IS8gfmEyRiEt_xGcEO_t2,94013.0,False,94013.0,0.0,True
นครศรีธรรมราช,9,constituency,13_mKJmJ2x87ACjsxE9eq7368SUMQTfV6,96071.0,False,96071.0,0.0,True
นครศรีธรรมราช,9,party_list,1AuRaRLkkzikcI9AjDHrUfcbTit9x4QxD,97194.0,False,97194.0,0.0,True
นครสวรรค์,1,constituency,1FXLw7eWBdeWjbA-eHaRfsasrmGYkUv_e,90110.0,False,90110.0,0.0,True
นครสวรรค์,1,party_list,1F5gIKnootb5K7RpuPFmRL36N_Lg6dQBX,91547.0,False,91547.0,0.0,True
นครสวรรค์,2,constituency,1XeWHpkeyRO-WChTNBrPJ9cilsVcfQZ7R,96984.0,False,96984.0,0.0,True
นครสวรรค์,2,party_list,1uxpeyJsHI9u2yjsWyWbtznqCWqydgrq5,94978.0,False,94978.0,0.0,True
นครสวรรค์,3,constituency,1hy0aZho3Rv-a9px7yCAtGixBZtaVRik7,90997.0,False,90997.0,0.0,True
นครสวรรค์,3,party_list,1C1iTzQ3ujxxY5JTgY7V6nabPzWKKaQ_R,90037.0,False,90037.0,0.0,True
นครสวรรค์,4,constituency,17K2dSvPjYBkYzbpp9sxyT0J3gkn7ozLg,83748.0,False,83748.0,0.0,True
นครสวรรค์,4,party_list,15Z_xrytFtFgFWqrCPO0HHwwkj03l00ev,83094.0,False,83094.0,0.0,True
นครสวรรค์,5,constituency,1KSqn1EuT5q8_V6uv0HNH5iDAB0zJLA8h,87228.0,False,87228.0,0.0,True
นครสวรรค์,5,party_list,1vifvpiF4lzLzS_kiWkYuYhZDQrqIy5wo,85271.0,False,85271.0,0.0,True
นครสวรรค์,6,constituency,1qhWED0oyJfSinVEjH6suAHzDcEROYq9q,85258.0,False,85258.0,0.0,True
นครสวรรค์,6,party_list,1487ZDm0vUn3rkEALvhKUvTHsIAStHHY-,80356.0,False,81637.0,-1281.0,False
นนทบุรี,1,constituency,1oJwJto4YpUhJSSYzM2eXhAUGQR0uerju,93883.0,False,93883.0,0.0,True
นนทบุรี,1,party_list,1ZpagCQTb707GR-1nt8k_i2AMtlQ1fhbY,96610.0,False,96610.0,0.0,True
นนทบุรี,2,constituency,1myXUDrrf9kCSnt4RAoYyP8UJYjalqalX,81123.0,False,81123.0,0.0,True
นนทบุรี,2,party_list,1CT4jt3yzGH-ps-p1UfpWhu6W2bMsYEyF,83688.0,False,83688.0,0.0,True
นนทบุรี,3,constituency,1UTdMPQ_1aUFOqo-4QgtQ2dUtxAypjbUO,96521.0,False,96521.0,0.0,True
นนทบุรี,3,party_list,1GeJeOFXCxU7a9ptjWupuCXce-Lw7hLes,100706.0,False,100706.0,0.0,True
นนทบุรี,4,constituency,1OFVDpp7H4PdU_C6NZL8GWkHcCVi6yTYl,85203.0,False,85203.0,0.0,True
นนทบุรี,4,party_list,1Ho5KU26FoIy5HN3FD9LBlNogb_aSJulo,88001.0,False,88001.0,0.0,True
นนทบุรี,5,constituency,1kw3q6E6Jk_F_Lb4LGt_g3sjGCarIpsv1,96107.0,False,96107.0,0.0,True
นนทบุรี,5,party_list,1ah07LwgRVdnVzXfNvHuhtlfCBg6t9xIj,98812.0,False,98812.0,0.0,True
นนทบุรี,6,constituency,1A3Bd-NMdEFtIljMRpAMp98JHq0Xpija5,99026.0,False,99026.0,0.0,True
นนทบุรี,6,party_list,1FOoRVeiYO1JkpWlgOgAMfNsjhHUdq-OI,103366.0,False,103366.0,0.0,True
นนทบุรี,7,constituency,1XQZTpIeiR5vqh4E6_8TRK-Y5Pk0xhloc,93993.0,False,93993.0,0.0,True
นนทบุรี,7,party_list,1XmRm8lFq5axP9UriSmNS6QgtA7cNKbS-,96807.0,False,96807.0,0.0,True
นนทบุรี,8,constituency,12pmuzMUzTZlf5-Nh4gogNTF9nfaSlDBe,88860.0,False,88860.0,0.0,True
นนทบุรี,8,party_list,1p7Y-9aOvmwUy2K5yqOuzU5jdDfXE9BLq,90783.0,False,90783.0,0.0,True
นราธิวาส,1,constituency,1HyYBgEaqev64kYG6G4GkkzEUZ_2IWHVS,93825.0,False,93825.0,0.0,True
นราธิวาส,1,party_list,1yuX5a6FM6TT8MPs-4pwertrkOeg8Awy2,91272.0,False,91272.0,0.0,True
นราธิวาส,2,constituency,1u9Djagcs-xpQxfkHQWjODtSKXzXOQfQd,70635.0,False,70635.0,0.0,True
นราธิวาส,2,party_list,1ybdoZXQDPLYH36sRme_EDWty7sVUhnYq,70908.0,False,70908.0,0.0,True
นราธิวาส,3,constituency,19SEQ3JlF1d9-5azJeDhp09KnWrKG-c90,79299.0,False,79299.0,0.0,True
นราธิวาส,3,party_list,1Fft1UDsEkrl-QwQiKSjE4OfMc04ONMrp,77064.0,False,77064.0,0.0,True
นราธิวาส,4,constituency,1ewicRg1h4Sxy1AWSF6t3hnz2LPua3cQd,83440.0,False,83440.0,0.0,True
นราธิวาส,4,party_list,1bFDFOxXNZqzPpamptHXPvfe5CqQiAXMs,81154.0,False,81154.0,0.0,True
นราธิวาส,5,constituency,1WO1Wy9dRf7E4u0GfyA9bLvlD5fFlb71Y,88775.0,False,88775.0,0.0,True
นราธิวาส,5,party_list,1TPUak_5csv16xvnAituMT2PG4dNnrAla,86796.0,False,86796.0,0.0,True
น่าน,1,constituency,missing::น่าน::1::constituency,,True,,,False
น่าน,1,party_list,1O7swJzj0hH-mT67zR4lP9CjH9PuuGMTG,97503.0,False,97503.0,0.0,True
น่าน,2,constituency,1WHuT1oRCirzYuc8dNTOa_gKOxWxXGaW9,90486.0,False,90486.0,0.0,True
น่าน,2,party_list,1YZttQVcFOfC0_c6F8BxUz_OK7HtVNNKz,90844.0,False,90844.0,0.0,True
น่าน,3,constituency,12NuiOsfdjhX9CFXanbIf0kd6zTLMkh3E,79242.0,False,79242.0,0.0,True
น่าน,3,party_list,1MFSF9N2MlPn1zgS_DDvrtE0KIYRgzmAj,81284.0,False,81284.0,0.0,True
บึงกาฬ,1,constituency,14oBucoxPb0qVLwU9ufGe7h1sIQwXqjRd,69624.0,False,69624.0,0.0,True
บึงกาฬ,1,party_list,1Y8sf1IElwLma7aYyUCXLW4ySEMreyymu,69694.0,False,69694.0,0.0,True
บึงกาฬ,2,constituency,1uOE6HGXjFNb2WZXBoEMX7IOrlmvBXuyU,72072.0,False,72072.0,0.0,True
บึงกาฬ,2,party_list,1jOJ-VR0mHT3WTg-rA57USoMP0SKYjKeP,70564.0,False,70564.0,0.0,True
บึงกาฬ,3,constituency,1VzpODNa7IjE6eDVMtTKidQep3biv-LHB,70033.0,False,70033.0,0.0,True
บึงกาฬ,3,party_list,1i_b4llo3FYE0Auzv3Coiqgiht7-4eSJK,71066.0,False,71066.0,0.0,True
บุรีรัมย์,1,constituency,missing::บุรีรัมย์::1::constituency,,True,,,False
บุรีรัมย์,1,party_list,missing::บุรีรัมย์::1::party_list,,True,,,False
บุรีรัมย์,2,constituency,missing::บุรีรัมย์::2::constituency,,True,,,False
บุรีรัมย์,2,party_list,missing::บุรีรัมย์::2::party_list,,True,,,False
บุรีรัมย์,3,constituency,missing::บุรีรัมย์::3::constituency,,True,,,False
บุรีรัมย์,3,party_list,missing::บุรีรัมย์::3::party_list,,True,,,False
บุรีรัมย์,4,constituency,missing::บุรีรัมย์::4::constituency,,True,,,False
บุรีรัมย์,4,party_list,missing::บุรีรัมย์::4::party_list,,True,,,False
บุรีรัมย์,5,constituency,missing::บุรีรัมย์::5::constituency,,True,,,False
บุรีรัมย์,5,party_list,missing::บุรีรัมย์::5::party_list,,True,,,False
บุรีรัมย์,6,constituency,missing::บุรีรัมย์::6::constituency,,True,,,False
บุรีรัมย์,6,party_list,missing::บุรีรัมย์::6::party_list,,True,,,False
บุรีรัมย์,7,constituency,missing::บุรีรัมย์::7::constituency,,True,,,False
บุรีรัมย์,7,party_list,missing::บุรีรัมย์::7::party_list,,True,,,False
บุรีรัมย์,8,constituency,missing::บุรีรัมย์::8::constituency,,True,,,False
บุรีรัมย์,8,party_list,missing::บุรีรัมย์::8::party_list,,True,,,False
บุรีรัมย์,9,constituency,missing::บุรีรัมย์::9::constituency,,True,,,False
บุรีรัมย์,9,party_list,missing::บุรีรัมย์::9::party_list,,True,,,False
บุรีรัมย์,10,constituency,missing::บุรีรัมย์::10::constituency,,True,,,False
บุรีรัมย์,10,party_list,missing::บุรีรัมย์::10::party_list,,True,,,False
ปทุมธานี,1,constituency,1KpA6SFhZiSAEHsm8o7t0Rxkspau6vQ0F,95201.0,False,95201.0,0.0,True
ปทุมธานี,1,party_list,1x6OLPl6XWbe-5YuZTBUV0cvub7Mpx2_G,95730.0,False,95730.0,0.0,True
ปทุมธานี,2,constituency,1PuITLuq5ofu5yCvgvnR6KTyzjKTB2HBu,97032.0,False,97032.0,0.0,True
ปทุมธานี,2,party_list,14-4z4Dc9kLgJ2sehT1Msv74gjj7Bnxml,96562.0,False,96562.0,0.0,True
ปทุมธานี,3,constituency,1fmWDsYZnzXTmKycylSntWVEOiBNf1ED4,84153.0,False,84153.0,0.0,True
ปทุมธานี,3,party_list,1j1D6l7OS5yCdihytN-KJ8TMd8hchb80a,88780.0,False,88780.0,0.0,True
ปทุมธานี,4,constituency,1Q_vyNlUz5qW6zb0z0g9Voy1r_pPAbI01,90836.0,False,90836.0,0.0,True
ปทุมธานี,4,party_list,177-QHCBiE1ELj_R8926C_W0MIjNwPAlP,93513.0,False,93513.0,0.0,True
ปทุมธานี,5,constituency,1pg72LwM4HlAml2dRTNTB4K2yASF4lnBo,82519.0,False,82519.0,0.0,True
ปทุมธานี,5,party_list,1QzfcDKsF3Y9r2VLongosEViRaBNaGUMX,85017.0,False,85017.0,0.0,True
ปทุมธานี,6,constituency,13wfIUFLrPX_mzouu3s_EpcYiNVqxDYX7,84382.0,False,84382.0,0.0,True
ปทุมธานี,6,party_list,1Ms1yyy1gni07eyLFdbbByen8n3nvO8E7,87165.0,False,87165.0,0.0,True
ปทุมธานี,7,constituency,1p-8IlTlniZm7OvThSA0Im-pUppR-3AEv,86075.0,False,86075.0,0.0,True
ปทุมธานี,7,party_list,1kpr9D-A6uOYBNuEO5aoWTRWPlGXyZvYU,86555.0,False,86555.0,0.0,True
ปทุมธานี,8,constituency,18PzDR_JEhyWuy9k7NEnzGJ7cjwIWaTo9,85346.0,False,85346.0,0.0,True
ปทุมธานี,8,party_list,10lhvvdub9PZ20kPCZTvobgf3lmzOkKI5,86370.0,False,86370.0,0.0,True
ประจวบคีรีขันธ์,1,constituency,1cupM4QyYQP61yjXHgaRDfXeTn63VktDG,112249.0,False,112249.0,0.0,True
ประจวบคีรีขันธ์,1,party_list,1EwPlD2pTSTIIC7dfclNN2VlqB19NHDS6,107999.0,False,107999.0,0.0,True
ประจวบคีรีขันธ์,2,constituency,16nEg4rZBwLqgZmZx3_R-e_JXk-uuZtMt,96454.0,False,96454.0,0.0,True
ประจวบคีรีขันธ์,2,party_list,1hrFfdd8DETCHYPyu-sTXkmb80Xf0SKy0,95554.0,False,95554.0,0.0,True
ประจวบคีรีขันธ์,3,constituency,1tgSNjiU7m3QfYp0dyslPKIkpzjbTZvgU,98409.0,False,98409.0,0.0,True
ประจวบคีรีขันธ์,3,party_list,1y51focqsuXU2I_FLFYAEr00YBZn06eis,96330.0,False,96330.0,0.0,True
ปราจีนบุรี,1,constituency,1NQmmnLfjNIBIzjud_8oiHD0vRcpqiD8I,82923.0,False,82923.0,0.0,True
ปราจีนบุรี,1,party_list,1TAXGRGeK1vt5KXaiUbzwaxxkin1nPHuH,80540.0,False,84899.0,-4359.0,False
ปราจีนบุรี,2,constituency,1yGNOqcvXQP4FNge1eXZ3gd2MpyN9AgsC,100450.0,False,,,False
ปราจีนบุรี,2,party_list,1v5ZcBDXzy2UwiEY45P2sdT7HsOMe-MKv,99428.0,False,,,False
ปราจีนบุรี,3,constituency,1R2RHqPvUxs0eQF22wg3rxOYbJG6gDz_k,84347.0,False,84347.0,0.0,True
ปราจีนบุรี,3,party_list,1Y9pZ76pSpv19tY_Z6pHo_ArL8M7FPkMC,84525.0,False,84893.0,-368.0,False
ปัตตานี,1,constituency,1xZZ-yOyFHuSk9gH6YLJEe65oJfI8I79S,69214.0,False,69214.0,0.0,True
ปัตตานี,1,party_list,1DRULipMiBeow9ZYDZYkEpZFc4mtfKbt8,68916.0,False,68916.0,0.0,True
ปัตตานี,2,constituency,1oNDN07U5JRnanJkf3rh7hXAqLUqJpF_c,75926.0,False,75926.0,0.0,True
ปัตตานี,2,party_list,1gpZ3Cr_r6LR_LyapXIZO2EPou774f4RF,75428.0,False,75538.0,-110.0,False
ปัตตานี,3,constituency,1XX9FA-IJvgohuY8COl7EPbfH-PDknxOF,65804.0,False,65804.0,0.0,True
ปัตตานี,3,party_list,1CtqsjgpZ4lNgP7ncszLiwfKg9AG8ZOIk,65313.0,False,65313.0,0.0,True
ปัตตานี,4,constituency,16wAGqiS1-g0wzYu27egDhZQjxXfOK4zZ,80409.0,False,80409.0,0.0,True
ปัตตานี,4,party_list,1wF_5aY1YXUEK5ty80x5S6ukGsMULAkPE,78483.0,False,78483.0,0.0,True
ปัตตานี,5,constituency,1jl2qrLDiCa43KR2-GsyIxiPtk87kUz1A,73268.0,False,73268.0,0.0,True
ปัตตานี,5,party_list,1zuvmiY5118pGsq8AFL9SgNiOkyBku2w0,72841.0,False,72841.0,0.0,True
พระนครศรีอยุธยา,1,constituency,1g-heXBZ62vHn6dtlnmOdG5g_j8DWoocq,97550.0,False,97550.0,0.0,True
พระนครศรีอยุธยา,1,party_list,1f7eDWql5gsParZuympoZr17YA7QhgCSo,97460.0,False,97460.0,0.0,True
พระนครศรีอยุธยา,2,constituency,1ncR14QIzbVMNt60EeahJGq8Mg2ZcYuUt,94398.0,False,94398.0,0.0,True
พระนครศรีอยุธยา,2,party_list,1tAp-pdO7qPXl2nAdRVNaN9_50BILFP9P,92649.0,False,92649.0,0.0,True
พระนครศรีอยุธยา,3,constituency,10DJiJ2q4G653aZeCLPNLETqvHf8CnBJN,100331.0,False,100331.0,0.0,True
พระนครศรีอยุธยา,3,party_list,1V-XnmcMivTVa_cz7dBsKT-tHSBJhKBT2,99534.0,False,99534.0,0.0,True
พระนครศรีอยุธยา,4,constituency,1Asn2Bwx08v7gu4umTaJ-KNMoI-7flfQp,106913.0,False,106913.0,0.0,True
พระนครศรีอยุธยา,4,party_list,1dYzpyyrI_eYI8SzhGQWj6jG7qjgErhkI,106381.0,False,106381.0,0.0,True
พระนครศรีอยุธยา,5,constituency,1-UUGiZCNSbat-q_-MUI2Eor0jOsy1AeM,98383.0,False,98383.0,0.0,True
พระนครศรีอยุธยา,5,party_list,1hCUMcjpBmjmq08QVta8qp3V4yD0maveB,97187.0,False,97187.0,0.0,True
พะเยา,1,constituency,1UfOYjuAa3ydHCM9Rztik8HN3MZoVp1uP,91616.0,False,91616.0,0.0,True
พะเยา,1,party_list,1EjCNORbYeS5GadaTkA4O4h3GUEX1XOMb,92929.0,False,92929.0,0.0,True
พะเยา,2,constituency,1D6ShAbWtF_FtSPIL3I1nt1v_DpbM9YN_,88518.0,False,88518.0,0.0,True
พะเยา,2,party_list,14D8etkVgyX8Bhq5txst88XbEPhPRbh24,89511.0,False,89511.0,0.0,True
พะเยา,3,constituency,1qCNZEBTb4p_Yh0Ojce0Dk3W6Ann8kHWe,89651.0,False,89651.0,0.0,True
พะเยา,3,party_list,1bBUqYujIkeOCohFUEpidggQ4eqRQWFd8,90428.0,False,90428.0,0.0,True
พังงา,1,constituency,1VFczJ7og5lzIMQRCTRdhDVXOZwhchBwT,66345.0,False,66345.0,0.0,True
พังงา,1,party_list,1U6OI-trFgG-50q7TxN1ddjSQlIhlSgH_,69369.0,False,69369.0,0.0,True
พังงา,2,constituency,1FLLtTod8zVen0q-6aUWhtASKstElFIZl,75502.0,False,75502.0,0.0,True
พังงา,2,party_list,1v62wQnNHTh-CsMo3A5D52d7f6Teh0qrW,76833.0,False,76833.0,0.0,True
พัทลุง,1,constituency,152cxaHEMIHm7VekAgd48mawpTIIsnCT-,108788.0,False,108788.0,0.0,True
พัทลุง,1,party_list,1N1tNKFSz2FXmBY5lM3rkr0-LwXiqQIZO,108460.0,False,108460.0,0.0,True
พัทลุง,2,constituency,1tE0XtgMD3QkOd5BL-K_vaGAq_qNSAsB7,117079.0,False,117079.0,0.0,True
พัทลุง,2,party_list,1AaY9MmqD8gEclZH1fhr_AmpyCYIqc9uC,116799.0,False,116799.0,0.0,True
พัทลุง,3,constituency,11KaeoKS59Mlfiw_H5a2HFGYBEGbf5cyj,108849.0,False,108849.0,0.0,True
พัทลุง,3,party_list,1GiklxDqIMRTEdCAF_Fs2zZdQOHFL8T6J,110887.0,False,110887.0,0.0,True
พิจิตร,1,constituency,1sgrzX12MFB_z6sgkArqqgBn2NCaGgOBY,91069.0,False,91069.0,0.0,True
พิจิตร,1,party_list,1EqYsbTpKbYhgxlWOBnmlEUoewpeZi9VK,91071.0,False,91071.0,0.0,True
พิจิตร,2,constituency,1QQSpruteYr1I9xTEoJxe7Wkc6iHbeoaP,83178.0,False,83178.0,0.0,True
พิจิตร,2,party_list,1PvxndkMH6qI_Ntoy_nBbIfdk7GUQPHY_,82191.0,False,82191.0,0.0,True
พิจิตร,3,constituency,16fWm4E8il1U_5iZrqxdlEH394zyk66Af,94660.0,False,94660.0,0.0,True
พิจิตร,3,party_list,1X2XFsK7JutA_Wnr1jiqmbyizjTKiq-M9,91584.0,False,91584.0,0.0,True
พิษณุโลก,1,constituency,1YV5qWGmUmSTyxVjPButFyAVEVML69LqP,89782.0,False,89782.0,0.0,True
พิษณุโลก,1,party_list,1NQGDd-X4FTCEtScgN-bVgkz7vlqN931C,90992.0,False,90992.0,0.0,True
พิษณุโลก,2,constituency,1t5nHdrhrqFuA8YVPl2VKPCly0lujhDC3,88246.0,False,88246.0,0.0,True
พิษณุโลก,2,party_list,1dq5kMpx5M7OJ8yM12rdqdvX7gz7Q6B8h,90654.0,False,90654.0,0.0,True
พิษณุโลก,3,constituency,1WKcXn4SRZTLWxvlNXDfzOV_6uSe4xHzo,87798.0,False,87798.0,0.0,True
พิษณุโลก,3,party_list,1lFcqb8WjMdR33lNWgFI2fxcYE2LoEBjl,85820.0,False,85820.0,0.0,True
พิษณุโลก,4,constituency,1FDUKH2xDWOJ4_dSWBM25fuHBhhEsZ4S1,88736.0,False,88736.0,0.0,True
พิษณุโลก,4,party_list,1aekbX_zkKWSWXLNHIYHsABSumSmdk-3Q,86559.0,False,86559.0,0.0,True
พิษณุโลก,5,constituency,1xFyUwnwUO_RILEHVsOO4PRMXJQGyFe1X,87172.0,False,87172.0,0.0,True
พิษณุโลก,5,party_list,1o00KpuAxsp7CLNKfdoLQme6NY8qzLxIP,85739.0,False,85739.0,0.0,True
ภูเก็ต,1,constituency,1UL0_qHKvRSmWf0Deo1IwKIIOlDzDzjmd,66360.0,False,66360.0,0.0,True
ภูเก็ต,1,party_list,1nFOsMX_j7gm-5zMbEg-E6NYL-sIt8lt-,68696.0,False,68696.0,0.0,True
ภูเก็ต,2,constituency,10ONZcTBESOqqPprX-_FoAfK-FUbemxpl,63459.0,False,63459.0,0.0,True
ภูเก็ต,2,party_list,1hR_1GQtkaJZW-hxVM5JuIYZBaB8EquuJ,67306.0,False,67306.0,0.0,True
ภูเก็ต,3,constituency,1Wgi8BKGw8Hm1AT5KnLWd_4LN7papwaB4,75128.0,False,75128.0,0.0,True
ภูเก็ต,3,party_list,1TA85kvNa7hM98j-7mDTEj9NcoCQTFaxF,76649.0,False,76649.0,0.0,True
มหาสารคาม,1,constituency,1IO2mowaFL3d6-WQaaQwpNDIx1pQujQQQ,84916.0,False,84916.0,0.0,True
มหาสารคาม,1,party_list,1iIVxHpNhMJITJYTfyIyOLvF_WU2o33AF,84685.0,False,84685.0,0.0,True
มหาสารคาม,2,constituency,1IzBtSsI-hIBOkAIVWZm3Vf-7PMWed3EY,78715.0,False,78715.0,0.0,True
มหาสารคาม,2,party_list,1AiiMtfBB4NfGeLTaTMOpIGBwBbD4KGKf,77478.0,False,77478.0,0.0,True
มหาสารคาม,3,constituency,1j6dNC2Axb2waUo45Q22vGqueIE5eRikg,84786.0,False,84786.0,0.0,True
มหาสารคาม,3,party_list,1m6p0W60L7ylSlN-MnOrzWw19qf8Pl_Dx,83196.0,False,83196.0,0.0,True
มหาสารคาม,4,constituency,1ybMxyu9c8tJ4LDaM_BjHAyLMX_KVO3HW,80681.0,False,80681.0,0.0,True
มหาสารคาม,4,party_list,1-m1GYDC8rHZ-h4Cp7eYpsHb4frFogqs4,79695.0,False,79695.0,0.0,True
มหาสารคาม,5,constituency,1Y_-frDY8b8TKufTtArRfD836do1YinQw,77618.0,False,77618.0,0.0,True
มหาสารคาม,5,party_list,1Y-lQxxjXxOKl_J2v_G15p7GqRVUl3K8w,78705.0,False,78705.0,0.0,True
มหาสารคาม,6,constituency,1DZEzbzWTvLsDMIzE21a7WqmLM1jsZ7lI,87058.0,False,87058.0,0.0,True
มหาสารคาม,6,party_list,1kxoESaaABDMAr6Y7TdVhSbfCUA2zUWlr,85945.0,False,85988.0,-43.0,False
มุกดาหาร,1,constituency,17oXsEBd3sEknl5jjb2nUWcBHOfK5ExeO,98985.0,False,98985.0,0.0,True
มุกดาหาร,1,party_list,1qwk8AOFgVy-IFk7qhnCM_alcoyyEypOr,97368.0,False,97368.0,0.0,True
มุกดาหาร,2,constituency,10S7jQLVcsKpZePi0j1nbJwlxceOeJFs7,94225.0,False,94225.0,0.0,True
มุกดาหาร,2,party_list,1-Kb6C7orOGn7_e0Hb0-H7CslLQTUkH9T,93394.0,False,93394.0,0.0,True
ยะลา,1,constituency,1oyunMIrx_Ou1sQOsVjlJ4T1I94qlrKVf,90522.0,False,90522.0,0.0,True
ยะลา,1,party_list,1WRAvl9xZNbPjI9eJo_4uwrLMbnwWjUXs,91456.0,False,91456.0,0.0,True
ยะลา,2,constituency,1SDuAZiMZIuPM9ZgUQg4IzIo69wu6PBzR,87642.0,False,87642.0,0.0,True
ยะลา,2,party_list,1j4ViMZ15Bzpu3SiRmGsNYQR1kKTd3TCP,88810.0,False,88810.0,0.0,True
ยะลา,3,constituency,1tZfDrd_zH2ozDUEzgq355DdO8W5YVJ0t,86878.0,False,86878.0,0.0,True
ยะลา,3,party_list,15gECNTJEecDYLAmtSXSGqojekHOmqToF,87935.0,False,87935.0,0.0,True
ยโสธร,1,constituency,1z4BVMx4lSMoYUXsqPSyx4iecY8Fxwhb5,100743.0,False,100743.0,0.0,True
ยโสธร,1,party_list,1m13J55H17Tjaxsn1e-Q90HCQFVTR624n,99617.0,False,99617.0,0.0,True
ยโสธร,2,constituency,1XqAXsUDh6siM31Q8_dVssYRfQo4NKHWS,90902.0,False,90902.0,0.0,True
ยโสธร,2,party_list,1_3dCeVrcsmSIH9JdzPl6MVV-H5k3cMJo,89211.0,False,89211.0,0.0,True
ยโสธร,3,constituency,1c9-eRCLNqh4MmJ0WWgbplg27dRmiZyVm,93914.0,False,93914.0,0.0,True
ยโสธร,3,party_list,1LCq9Vdikie_VSXhDwZN3OvMEfcINwCwc,93788.0,False,93788.0,0.0,True
ระนอง,1,constituency,1Js0d-h4AOQ30m8MtUn2o6v_Ksp_kdVWf,83719.0,False,83719.0,0.0,True
ระนอง,1,party_list,1xXzor-H72rpw5DDzUR-iS-A_Tw8dQGa6,89474.0,False,89474.0,0.0,True
ระยอง,1,constituency,1egHzkfNT5KM524XgS80PCqOzfamz6_3g,85091.0,False,85091.0,0.0,True
ระยอง,1,party_list,1RxBl92eWFsLYeYnuNys7UwGRub9ODkE3,86337.0,False,86337.0,0.0,True
ระยอง,2,constituency,1FoMMf18LQ0PfTNp5dVrKu2DpDNp8s1gT,68551.0,False,68551.0,0.0,True
ระยอง,2,party_list,1Wqjc8NN9EKQeiw45zdZFJY6rdeUUx1uZ,72857.0,False,72857.0,0.0,True
ระยอง,3,constituency,1eaSgfvLvOtTEe6EOEgTjlCmQ4uqoRRcF,76463.0,False,76463.0,0.0,True
ระยอง,3,party_list,1AUJAiokEQ6IgZzlxqndzwkIRfI8_I-nu,77652.0,False,77652.0,0.0,True
ระยอง,4,constituency,19iB389xxphVBcRnxmC7kodflHLt95a7Y,87526.0,False,87526.0,0.0,True
ระยอง,4,party_list,11bOQwczbe1x2Mx-Bb_3RsWOYrR7O1t8D,88462.0,False,88462.0,0.0,True
ระยอง,5,constituency,1eslhYSidMcihgOc9AiTQWwKo9KQEEqsv,81289.0,False,81289.0,0.0,True
ระยอง,5,party_list,1f8NF-Uxob31qvqjP_N8ww8Ky6LzH1CWH,83541.0,False,83541.0,0.0,True
ราชบุรี,1,constituency,1mV5J7Fx33Lo8JuQvFzflLbJdhPK-2-Bw,97874.0,False,97874.0,0.0,True
ราชบุรี,1,party_list,1xKXSufL7jVQ5q7AEDLi94ihf9uSVhN9r,96579.0,False,96579.0,0.0,True
ราชบุรี,2,constituency,1Fp_59CGhY-zCmjtucDKCqiR0N0QV-rkJ,89818.0,False,89818.0,0.0,True
ราชบุรี,2,party_list,1JmcbH78MSkmA4oM5BK1g2m9cbRWrTvn_,89744.0,False,89744.0,0.0,True
ราชบุรี,3,constituency,1rEQ2O0RMpODU6MhwsjYRd8D94uxNXSbI,96267.0,False,96267.0,0.0,True
ราชบุรี,3,party_list,1VPSZqWXLeZ-r7i0UgEJe1Anv3cYOM0II,98080.0,False,98080.0,0.0,True
ราชบุรี,4,constituency,1DtCvEB76l9hvEVVfNJms6UrhCTwE5bp6,107579.0,False,107579.0,0.0,True
ราชบุรี,4,party_list,13Qt2g2m3-VCpoPwhOkmVZVh1hF-Auxm-,102853.0,False,102853.0,0.0,True
ราชบุรี,5,constituency,1MwAPlXri0TsCpir7DNYc1Xlb7_0R21XS,108560.0,False,108560.0,0.0,True
ราชบุรี,5,party_list,1RgZmCVFhGdkplIE-4bCAzbWu1mYlmbX7,104714.0,False,104714.0,0.0,True
ร้อยเอ็ด,1,constituency,1IGLvel2r4G688gbYvZku1P_K3CRtQNvi,89385.0,False,89385.0,0.0,True
ร้อยเอ็ด,1,party_list,1ZsTm4RK6qV_4v4aUXpBaDPjVcoDDJ2sy,89040.0,False,89040.0,0.0,True
ร้อยเอ็ด,2,constituency,1ssrezAuqQmCrZhZkBVBWwxnMghEYiLh2,86974.0,False,86974.0,0.0,True
ร้อยเอ็ด,2,party_list,1wbAk1A0kZw9NtwaUWx0YFquRiUtqgcuB,86127.0,False,86127.0,0.0,True
ร้อยเอ็ด,3,constituency,1CaNwnljRO2p3_KjM2ADWv14BsbziIFdX,81733.0,False,81733.0,0.0,True
ร้อยเอ็ด,3,party_list,1ViCxj_eyXr2tCSTa058BBgqIgMzoi11K,80053.0,False,80053.0,0.0,True
ร้อยเอ็ด,4,constituency,1mcDCxqGFttnYzpFRNJvZxdma4MiRU-k-,80404.0,False,80404.0,0.0,True
ร้อยเอ็ด,4,party_list,1WMlPUNDl0MMw2FKUkj9S8QOIIciPpJYO,79297.0,False,79297.0,0.0,True
ร้อยเอ็ด,5,constituency,1bgwrlMmwdOwetxmeCkyHddXuDaqCGFdo,72043.0,False,72043.0,0.0,True
ร้อยเอ็ด,5,party_list,17DkcP96-3RzwHglzeW5jkwC8fIkt6CG1,74715.0,False,74715.0,0.0,True
ร้อยเอ็ด,6,constituency,1MY8F_fKTLk0F7HsQ-D7TTOEmpTNWl28v,76554.0,False,76554.0,0.0,True
ร้อยเอ็ด,6,party_list,1NkTJIcpUBR25oXdGr2MUON17K0NHGf8M,76819.0,False,76819.0,0.0,True
ร้อยเอ็ด,7,constituency,1HqTHQjze0AbijdTN-qFD-rQiPxzlx3Kd,81314.0,False,81314.0,0.0,True
ร้อยเอ็ด,7,party_list,1ihTMye2u8b1qhl35tPzP5kxDZNsuBCw4,80966.0,False,80966.0,0.0,True
ร้อยเอ็ด,8,constituency,1NNCqHpPF_wvXJoJPilR0_Uv_tgWUjrMN,85433.0,False,85433.0,0.0,True
ร้อยเอ็ด,8,party_list,1DcJZYk_cv9elrpMzvyZJwJbwyq-nwJ_C,84903.0,False,84903.0,0.0,True
ลพบุรี,1,constituency,13TprIwJLBZxlSAznHiSD-MyfMckZgaea,100109.0,False,100109.0,0.0,True
ลพบุรี,1,party_list,1IguguUn1GilXTMjjoLrWMOU3JtmDwLjI,98815.0,False,98815.0,0.0,True
ลพบุรี,2,constituency,1pmZCFtmXTURK0fVrqhalUIOQbt2AUz0I,110045.0,False,110045.0,0.0,True
ลพบุรี,2,party_list,1ruW-cM8Fp3I6HkHN6HRpb11GnVwbWhT4,107859.0,False,107859.0,0.0,True
ลพบุรี,3,constituency,11ni1euivZs12xauGxIKjDEqUE6zC3rzC,99225.0,False,99225.0,0.0,True
ลพบุรี,3,party_list,1-kFb4JSOnPQWM_wF4W9Ny68WI7vIyBRc,96662.0,False,96662.0,0.0,True
ลพบุรี,4,constituency,1ZUZ03q1yly5smzZw4vXbDQbBZ47W8VL3,108277.0,False,108277.0,0.0,True
ลพบุรี,4,party_list,18h3ED1RVL29N_snbZAlZlGxCnQp4zUCV,98815.0,False,,,False
ลำปาง,1,constituency,1W_1A7Vcy3fcUxw1jRFV7pw7VQKeCFgAX,98457.0,False,98457.0,0.0,True
ลำปาง,1,party_list,12EBpk-O-WWRB4-pjmlp6fAgbWutZfBdP,102321.0,False,102321.0,0.0,True
ลำปาง,2,constituency,1Fvf2rAGEc8E9R4hBlccJIzPBkUj0WzDY,98377.0,False,98377.0,0.0,True
ลำปาง,2,party_list,1CKksNUTQqH-fkZoA0l6oq3Qebx6kxEuB,100997.0,False,100997.0,0.0,True
ลำปาง,3,constituency,1RwvHJYKSPOMWMxuHoBRqWRjDtrAot2Cu,100661.0,False,100661.0,0.0,True
ลำปาง,3,party_list,1X9BuodSZm3oprifJQ2TyzOKfK38ho9KQ,101555.0,False,101555.0,0.0,True
ลำปาง,4,constituency,1bZ4VxL1TcM4q0d1RA4b83SWJIykgc6UL,104442.0,False,104442.0,0.0,True
ลำปาง,4,party_list,1wvsQGsHXiYmOEXCmkB7eNqACyTB5Ki95,105524.0,False,105524.0,0.0,True
ลำพูน,1,constituency,1m5Z2UlGCJN0Xcu4oMNiHwcpHDlRpqQkJ,125326.0,False,125326.0,0.0,True
ลำพูน,1,party_list,1AkJzuHWSmK3-bPq5deKnklN89snUSdw-,127949.0,False,127949.0,0.0,True
ลำพูน,2,constituency,19CqwmO-Pj2HbpLQ4PeAp_SOPQlz4U1SI,116879.0,False,116879.0,0.0,True
ลำพูน,2,party_list,1wcQfVVWz_cEOL5rScZkf7AK9dMfNvROA,118060.0,False,118060.0,0.0,True
ศรีสะเกษ,1,constituency,14TXAj8mlYfj2zdCWQEuVs1kGLmw06_O5,94666.0,False,94666.0,0.0,True
ศรีสะเกษ,1,party_list,1S9e09zh-G6MWcgjyIX5TZf6hRA_lfKQ-,92842.0,False,92842.0,0.0,True
ศรีสะเกษ,2,constituency,1kg77waLv7sBVH8e7yiLTtMbN6m7Fdd8K,80721.0,False,80721.0,0.0,True
ศรีสะเกษ,2,party_list,1-JjjxtDaYbpE0_7sCR_qUYf8bCrSEaEY,79352.0,False,79352.0,0.0,True
ศรีสะเกษ,3,constituency,1U8LtWfzf8ge0dSY6nBnjTbUSTlrPPUvI,76586.0,False,76586.0,0.0,True
ศรีสะเกษ,3,party_list,1ch2-FGgNwVKVGGD3sCZ-8xWCalMRy63B,75333.0,False,75333.0,0.0,True
ศรีสะเกษ,4,constituency,1cNN2L6UhU44Cfa6RUSXxWrpCTGzwUQUc,77864.0,False,77864.0,0.0,True
ศรีสะเกษ,4,party_list,15wTYfUfPWXTs7Zm2UEfEJ0oUsI2orSvc,76539.0,False,76539.0,0.0,True
ศรีสะเกษ,5,constituency,1HHCl6bPD2AVET2fkkjEcIQhybZolGRh4,79671.0,False,79671.0,0.0,True
ศรีสะเกษ,5,party_list,1yr34trAXWdcFbQqQ4cAxDRLzDvu_t4dL,78316.0,False,78316.0,0.0,True
ศรีสะเกษ,6,constituency,1-v0F3shlySw7OkzOUzdlrCOR2M_XxrYv,79063.0,False,79063.0,0.0,True
ศรีสะเกษ,6,party_list,12una7KHxm634FjgTJn5CX2G2rnJKFLQ8,77850.0,False,77850.0,0.0,True
ศรีสะเกษ,7,constituency,1p1w9kQQcHjF4AQWBdZzw2T628QY441YB,78631.0,False,78631.0,0.0,True
ศรีสะเกษ,7,party_list,1PkRzlAfP6aPnAHn7mSqFLoZPwtF7RSTi,78925.0,False,78925.0,0.0,True
ศรีสะเกษ,8,constituency,11I7ad9ph4lA9TiRSEPT4VJBmMg5fAH7R,84175.0,False,84175.0,0.0,True
ศรีสะเกษ,8,party_list,1J3HAj8DMrS1sWl1u3QYVZG26Xt3l5RJP,83511.0,False,83511.0,0.0,True
ศรีสะเกษ,9,constituency,1W0GZEKBUXl3n1JhGtBqi_1V3xg2o_n-p,88566.0,False,88566.0,0.0,True
ศรีสะเกษ,9,party_list,17CgwBdZF7riWFrYXvVwgVVvnUAmZDN-Z,87485.0,False,87485.0,0.0,True
สกลนคร,1,constituency,1mafFv4NdqwuM4gsqnHBcrYXgi438Fiak,90090.0,False,90090.0,0.0,True
สกลนคร,1,party_list,1kIm0liXTa7mJ1XM8TzzFkPE7mYqvtBqX,89020.0,False,89020.0,0.0,True
สกลนคร,2,constituency,127TllTdQoVVUB-tM5pwYwAyb1evUW4DP,83880.0,False,,,False
สกลนคร,2,party_list,1aoAJGJPeRPpc3Hzy6DDUxUlCsBygoGSC,83303.0,False,83303.0,0.0,True
สกลนคร,3,constituency,1BxBQNF4ysfQ92XmfNTl-U9-Z9_zee3kW,78470.0,False,78470.0,0.0,True
สกลนคร,3,party_list,1r_sfOWTZ-fIG8C4QUDtAqxkROPv1tKDC,79788.0,False,79788.0,0.0,True
สกลนคร,4,constituency,194S0wd8R8XJCWl7F5CwQm2-OFsZxlX1G,75903.0,False,75903.0,0.0,True
สกลนคร,4,party_list,1KKoB8PCeeB0KNv5cuRMr8WQ1LPCURFUf,76144.0,False,76144.0,0.0,True
สกลนคร,5,constituency,1j4XSRyRGatg6L-Pkd2R1DWZXZBN8llBg,79654.0,False,79654.0,0.0,True
สกลนคร,5,party_list,1cN_YdgzPVw54gvhUZBr_tggA1QUPecQj,78298.0,False,78298.0,0.0,True
สกลนคร,6,constituency,1CF91orV59cKZj4DrV2wGrn-W_625owUS,75062.0,False,75062.0,0.0,True
สกลนคร,6,party_list,1AVVLQqdJbX3BF_nVa9VohM0jjRtuKHDU,75630.0,False,75630.0,0.0,True
สกลนคร,7,constituency,14fWn_R2iCBzQSy8EvKwZaGlCnvGN69KN,71830.0,False,71830.0,0.0,True
สกลนคร,7,party_list,16FI3vc3qiiaIxNaXN3WLn8c3a6alE-rQ,72383.0,False,72383.0,0.0,True
สงขลา,1,constituency,1WCa3eEGmZefyMgsphRiYKca3PeeXfjGa,86955.0,False,86955.0,0.0,True
สงขลา,1,party_list,1bJ-iKJ0H6IT_cJ1QvWOfVu6ycokoOOAg,90673.0,False,90673.0,0.0,True
สงขลา,2,constituency,1Nh8zcREMw2k0XXfgUaPdavBZt0wlGXuu,78663.0,False,78663.0,0.0,True
สงขลา,2,party_list,1r95PtNsL8GoURxEzyjRLM75O19CDovW9,78784.0,False,78784.0,0.0,True
สงขลา,3,constituency,1INa9wcG-FG02Nn0umZvqBTcQmC4F4NDv,93176.0,False,93176.0,0.0,True
สงขลา,3,party_list,1vApSJh8D9Nkd1R0dTHk0NSm1XkrqAMH6,99690.0,False,99690.0,0.0,True
สงขลา,4,constituency,1rlIHiwTFuEQpOxTrrpouRd6RTqetFxQZ,95854.0,False,95854.0,0.0,True
สงขลา,4,party_list,1E0O4j3G10-4XAREzQE2ll_XR9qgX6Nq1,95194.0,False,95827.0,-633.0,False
สงขลา,5,constituency,13kJfGXP6haSDtsfTooe5wmIC5oOo8PuN,93808.0,False,93808.0,0.0,True
สงขลา,5,party_list,1I5u_s9TaHpYiuklM-IGg4RsaLHpqG8FQ,98003.0,False,98003.0,0.0,True
สงขลา,6,constituency,1tUmMiPqijb00ChBZJS2ZJboGoaxRCGhV,88960.0,False,88960.0,0.0,True
สงขลา,6,party_list,1bhYPUjmTAW9FOXpuRGM-7pRafktXVd3W,88842.0,False,88842.0,0.0,True
สงขลา,7,constituency,1OpcoVUXV-HxStBxARnZg7q34LPC7TO-5,93120.0,False,93120.0,0.0,True
สงขลา,7,party_list,1VwDujKn5dmKLrF7WKOgrKmkX2cWGdLaz,93037.0,False,93037.0,0.0,True
สงขลา,8,constituency,18jLR5BMP1mFhu1_gmfkmrrJ1kbd53_1B,94569.0,False,94569.0,0.0,True
สงขลา,8,party_list,1XQuwNcAQPUNBPcvAlUpH2HdCy4PBTdVl,94208.0,False,94208.0,0.0,True
สงขลา,9,constituency,1sfr874SIv5LxR24N087UeyPpXg6QAG6M,100486.0,False,100486.0,0.0,True
สงขลา,9,party_list,1Cx6Sd6ZZYljmJngeyFRaiUECOUFw5n9t,104388.0,False,104388.0,0.0,True
สตูล,1,constituency,1y2FxPfv0B8sY9REPS7RAhNUiTELR3w02,81311.0,False,81311.0,0.0,True
สตูล,1,party_list,1HiHbB6MHWusDB87ONAvzTdMB84wX9uQK,81811.0,False,81811.0,0.0,True
สตูล,2,constituency,1m5-8PO7hr2nRyioJuyXxEi1ub2OWa_AQ,90555.0,False,90555.0,0.0,True
สตูล,2,party_list,1C8Pi5_EoX5VwrgKwN2KsDNxAgu5rmfFB,92701.0,False,92747.0,-46.0,False
สมุทรปราการ,1,constituency,1AKmivPbAoeYNwLO1Num3ZLrVWbcbbrhN,87879.0,False,87879.0,0.0,True
สมุทรปราการ,1,party_list,1zx9nycU_2NPBfBdFx2qYDSQstQOwr1t7,90939.0,False,90939.0,0.0,True
สมุทรปราการ,2,constituency,1dulP7mHU8b61ehkXxbpk-88z5-VJoBAY,89135.0,False,89135.0,0.0,True
สมุทรปราการ,2,party_list,16BnzltVFuC4GFNIlo_yUJq4p-zwRFFXA,89972.0,False,89972.0,0.0,True
สมุทรปราการ,3,constituency,1GwNRtCZwEXA906c5nbMbRfzvdUiNgHg3,88488.0,False,88488.0,0.0,True
สมุทรปราการ,3,party_list,1ECIFIYwYL68ZbloSDjV-SwtLmYY18PEg,90899.0,False,90899.0,0.0,True
สมุทรปราการ,4,constituency,163vUrbLbBeG5Mqw8VJLMAR5GiW4tyvbG,92620.0,False,92620.0,0.0,True
สมุทรปราการ,4,party_list,1jNUBveZJQy_YulqGCYEKylCnEOrnVazl,95537.0,False,95537.0,0.0,True
สมุทรปราการ,5,constituency,12UJb03o7ClLfLeDxObNKVuLTmLuwjvXv,100245.0,False,100245.0,0.0,True
สมุทรปราการ,5,party_list,1Hi_TDRXNlIw444ud4503aeWuG1BqiZMI,104952.0,False,104952.0,0.0,True
สมุทรปราการ,6,constituency,1hW_5H73egzyestd01PxbmScMm6VVX3xv,84514.0,False,84514.0,0.0,True
สมุทรปราการ,6,party_list,1ftkIZGwFO8Rx6rNW1GKQvy0CN4QRjXPt,85109.0,False,85109.0,0.0,True
สมุทรปราการ,7,constituency,1LY1z90KeXVtulZIaWuhs23JiYcDdbL6D,97691.0,False,97691.0,0.0,True
สมุทรปราการ,7,party_list,1CjzSVpQw87BZXTL3GRNoXOx7PF4i2kGM,98264.0,False,98264.0,0.0,True
สมุทรปราการ,8,constituency,1eSUvuToRKCFTX-iL5G4gcJTujbQ_ilTG,103041.0,False,103041.0,0.0,True
สมุทรปราการ,8,party_list,1bANW_d5cAWmwjfn9Lk11r42jzq9JLQw4,104242.0,False,104242.0,0.0,True
สมุทรสงคราม,1,constituency,1UBbkVeBZm8EILgnGZWn0LZnAAVBPCmZw,101938.0,False,101938.0,0.0,True
สมุทรสงคราม,1,party_list,1SMTt7IbaX3s0JUXG3TAVoBpzB2rN8VK3,103219.0,False,103219.0,0.0,True
สมุทรสาคร,1,constituency,1ECGupZuePvbuNOGm11IZHON82Ddov7L5,80970.0,False,80970.0,0.0,True
สมุทรสาคร,1,party_list,1PVkWnN6QvegcenpdXQGByqcGHKcq1aNT,82271.0,False,82271.0,0.0,True
สมุทรสาคร,2,constituency,1BEenNoSVYMbIMM3T3MLHJEmzgMUgq_3i,78050.0,False,78050.0,0.0,True
สมุทรสาคร,2,party_list,1nR5i7rXve5ehGRbKboHMDoawzVWxFc79,79368.0,False,79368.0,0.0,True
สมุทรสาคร,3,constituency,1bVHvtNcyLjVUpy1umAi6MBavHHefs6Ae,74704.0,False,74704.0,0.0,True
สมุทรสาคร,3,party_list,116MCAtwTSvX8r1ZpO4IsmU__Ecy-SX3i,76686.0,False,76686.0,0.0,True
สมุทรสาคร,4,constituency,1UAcq9cPe0JiXj2SHDvRwfs5FdE9DY5ip,78327.0,False,78327.0,0.0,True
สมุทรสาคร,4,party_list,1lxJbNf5MzTE82s2LPdkRdWOHc7u4zw7f,77338.0,False,77338.0,0.0,True
สระบุรี,1,constituency,1O40KsvpJeUat1Mq8PrUccBFfr86r75Fg,88053.0,False,88053.0,0.0,True
สระบุรี,1,party_list,1SmjaqC--qpWsmMVr_vhvFeXZEB2J322H,89500.0,False,89500.0,0.0,True
สระบุรี,2,constituency,1Vy5polRSsWCx8jYyeREMHgvfx_Cwt3sa,99146.0,False,99146.0,0.0,True
สระบุรี,2,party_list,1VIgtocjrx0wGiY_nD76OlWgMjQzrl1b_,97624.0,False,97624.0,0.0,True
สระบุรี,3,constituency,1QapmNRw8w4bzfrQ_CB4qkKT7FCNGc7rr,91451.0,False,91451.0,0.0,True
สระบุรี,3,party_list,1O6IjRqDbn_cpQVJTMGd2x3hFGCweAJAp,89827.0,False,89827.0,0.0,True
สระบุรี,4,constituency,1JcfVoWQLajenBCfG04w-Kn-8FLRrn2Cf,90067.0,False,90067.0,0.0,True
สระบุรี,4,party_list,1sR0tjhPniu_o1qeTd5O0WnX_xfh4GKom,89044.0,False,89044.0,0.0,True
สระแก้ว,1,constituency,1NLlQEXi-J5Luf_X7U7ijgj7uvLLV0Dzf,89613.0,False,89613.0,0.0,True
สระแก้ว,1,party_list,1TB1SO6xXoxg7ywERAdraT9s8m7z69naP,88432.0,False,88432.0,0.0,True
สระแก้ว,2,constituency,1DZZkTEb26rucS_HBRHdNjq9JCbQoEEix,89351.0,False,89351.0,0.0,True
สระแก้ว,2,party_list,1gJKenNJhzewXOry1h5amhbMLTsnKIoP8,89341.0,False,89341.0,0.0,True
สระแก้ว,3,constituency,1d0dy0W34DwpoxkkaoHCxBhjNmzM5Tc7a,92868.0,False,92868.0,0.0,True
สระแก้ว,3,party_list,1Q-K5Vy2zeWafPEvfjIanoB9rq1DT2aSI,92333.0,False,92333.0,0.0,True
สิงห์บุรี,1,constituency,1fLgHLnOMrSOeZrmHzQUJCHqJSdt00WUD,114708.0,False,114708.0,0.0,True
สิงห์บุรี,1,party_list,1x8PdCEmo77CSKVC8sjjb2XikFA_-obri,114741.0,False,114741.0,0.0,True
สุพรรณบุรี,1,constituency,1tf02IsGQOGqhIoRVbr-9y26ojk3_4O9o,94634.0,False,94634.0,0.0,True
สุพรรณบุรี,1,party_list,1So2BtyP9MO0Sy9ptN4ZLF9yefE3TOqcD,93897.0,False,93897.0,0.0,True
สุพรรณบุรี,2,constituency,15FchFUHH67WHtDomdxYVRWA6iRYZKMma,84520.0,False,84520.0,0.0,True
สุพรรณบุรี,2,party_list,1Jd9h8VrX5IcUG21YkZQXnILls1CKFqsL,84219.0,False,84219.0,0.0,True
สุพรรณบุรี,3,constituency,1mTEH4GKPpQmvEbEfuYu6NKMmNuTvI9ZO,101452.0,False,101452.0,0.0,True
สุพรรณบุรี,3,party_list,1TBXyp3mgd9GenydgQfUkOvKCwd_AHtI0,97354.0,False,97354.0,0.0,True
สุพรรณบุรี,4,constituency,1ZMj0v3DuL6rhSUxbvygbgmoBpREuAdVm,90996.0,False,90996.0,0.0,True
สุพรรณบุรี,4,party_list,1O13AZhxDydeIvquLzNG2MxwksGuAL1BB,90149.0,False,90149.0,0.0,True
สุพรรณบุรี,5,constituency,16e1DEDqct9yrT0xpZXVPFa9ZiVhs8Pqj,98539.0,False,98539.0,0.0,True
สุพรรณบุรี,5,party_list,15H-1kGo4o3dW0pyDQH_dwwM-eaSVTo_O,98533.0,False,98533.0,0.0,True
สุราษฎร์ธานี,1,constituency,103uWXA1m4lAzundJxupH-uXN4lK4HV1w,76258.0,False,76258.0,0.0,True
สุราษฎร์ธานี,1,party_list,10Pim_F5V6H-_kVH1xkRMjlojQEL0LsIx,78960.0,False,78960.0,0.0,True
สุราษฎร์ธานี,2,constituency,1HCbzoJEGZwdsch7aM-BN1kprq7Up-qVx,81419.0,False,81419.0,0.0,True
สุราษฎร์ธานี,2,party_list,1YLYpL0GHb6x0JWSwnyZPVbMdWxsyfWwa,82013.0,False,82013.0,0.0,True
สุราษฎร์ธานี,3,constituency,12eDMagJqBomfmjsfyNQW8n3jyx8sJV8e,88689.0,False,88689.0,0.0,True
สุราษฎร์ธานี,3,party_list,1MdwQShV5kz1oSgkNt_bkp9hVW_qOSFPU,89194.0,False,89194.0,0.0,True
สุราษฎร์ธานี,4,constituency,17bYwZgtC0jEVhm0A3ZL5Qy38i4jtcM5L,94443.0,False,94443.0,0.0,True
สุราษฎร์ธานี,4,party_list,14rlLfimeAkhgDAP6dERIF1Xh4sxyqTpB,94398.0,False,94398.0,0.0,True
สุราษฎร์ธานี,5,constituency,144upzyNYghxqebgK1B6PuwOPpxtWyhMz,88782.0,False,88782.0,0.0,True
สุราษฎร์ธานี,5,party_list,1_y-IoTWcBzOds4xx7PQKvsYh0AaSKPmU,89097.0,False,89097.0,0.0,True
สุราษฎร์ธานี,6,constituency,1ryeYhchULuykEsAyJa3NcRl-av2NJU_z,98147.0,False,98147.0,0.0,True
สุราษฎร์ธานี,6,party_list,1xyeQFJipmR_k02zCvsNtfKqzyeyqHRQ3,97297.0,False,97297.0,0.0,True
สุราษฎร์ธานี,7,constituency,11mNn16NhTte_VMNGRKY0XY1tWRlqhusd,92005.0,False,92005.0,0.0,True
สุราษฎร์ธานี,7,party_list,15Sizb_FZXPFAzd69_Ny85SSAqGGmRGaY,91966.0,False,91966.0,0.0,True
สุรินทร์,1,constituency,1ZmESFjKO21sDUhzT7Cmpo3Fotom3adPy,85981.0,False,85981.0,0.0,True
สุรินทร์,1,party_list,1RJDulfCLaYeLMDIMzSYKYIWaX26h9MnA,87126.0,False,87126.0,0.0,True
สุรินทร์,2,constituency,16rtG2IsqSAOKHBFWhLvUnjTrtbpRwmJF,89433.0,False,89433.0,0.0,True
สุรินทร์,2,party_list,1IC1nGO3pebf3RIC6qYuSowi_ynyeUQ8P,88367.0,False,88367.0,0.0,True
สุรินทร์,3,constituency,115_l6se7XcVnV_wLjRCqxWpiUV3cgRUt,79639.0,False,79639.0,0.0,True
สุรินทร์,3,party_list,1l9CnCwAhN00-SoFJd22ABhW_Teb5cWMo,78837.0,False,78837.0,0.0,True
สุรินทร์,4,constituency,1nB73PxQ4Nceg-M-MOA3P-Rc4C0iEWGtK,80530.0,False,80530.0,0.0,True
สุรินทร์,4,party_list,1XKV7pZH3zhjN3qMTyAzVgGqOiQTZOMDQ,79794.0,False,79794.0,0.0,True
สุรินทร์,5,constituency,1yopGSS6jBpltTXU0UzqBFQyieIwf0x6d,79444.0,False,79444.0,0.0,True
สุรินทร์,5,party_list,1f76mC1DtLyaKOnHquF42YbGx6qrVJbNy,77102.0,False,77102.0,0.0,True
สุรินทร์,6,constituency,1MKZkJE2rm1UCwX_6rLMvx3ScQNLUZ1lo,76550.0,False,76550.0,0.0,True
สุรินทร์,6,party_list,11RELZEXroCoZ_GUMCpa1oR9E2BQJFGle,75723.0,False,75723.0,0.0,True
สุรินทร์,7,constituency,10OBkJjf9pihmZfUFV5is0roGcscblfdC,84840.0,False,84840.0,0.0,True
สุรินทร์,7,party_list,16JPqBRvJdCNv3I8v1jGscdmrDcBUYKW2,85211.0,False,85211.0,0.0,True
สุรินทร์,8,constituency,1-L64b43MsUtP0s0wQTwrbg7b5zCHHe2e,78919.0,False,78919.0,0.0,True
สุรินทร์,8,party_list,1-36PGu3d5zDFSoOIo27OyvPee5UdMteo,78886.0,False,78886.0,0.0,True
สุโขทัย,1,constituency,1226UdRGDFKOmpRf7uzDEKR5ecUb9ssGL,74658.0,False,74658.0,0.0,True
สุโขทัย,1,party_list,1HcEDM0vldfcgbtQdDgCf6qXjLiDpdIsJ,75861.0,False,75861.0,0.0,True
สุโขทัย,2,constituency,1Ixhj1lsXlNi7jIb7jHsDbRy7ckjiQ0p-,71207.0,False,71207.0,0.0,True
สุโขทัย,2,party_list,1iFTKazTPrIDzlIjZjADZpVMri6xxpg0K,70647.0,False,70647.0,0.0,True
สุโขทัย,3,constituency,1Fj2mnEa5kJASO5porZgBzbMnK_M5Wp-y,73310.0,False,73310.0,0.0,True
สุโขทัย,3,party_list,1yDDqHHb41bUcAyQcHXZdun4A1Da8kwmg,74676.0,False,74676.0,0.0,True
สุโขทัย,4,constituency,1xGubpRvmNq6TroMYuuWSvLbR7j_eSPNB,82780.0,False,82780.0,0.0,True
สุโขทัย,4,party_list,1KtEsz-N3KAfZddZtM1B_sFPMJlOfKsXD,80489.0,False,80489.0,0.0,True
หนองคาย,1,constituency,1wHWZJl0oCsp8mAR2oF_O1xDYY--m8WAt,88967.0,False,88967.0,0.0,True
หนองคาย,1,party_list,1dCqfZ6ix_uBso92V_6HWJ3jJEQX53oI-,88417.0,False,88417.0,0.0,True
หนองคาย,2,constituency,1bKuaF46ErxZZrQsbrFl-ri35t3SI47Do,81218.0,False,81218.0,0.0,True
หนองคาย,2,party_list,15ZCUDRMUbILF3Zv1Z4gvw28Hw4sRRsNm,79751.0,False,79751.0,0.0,True
หนองคาย,3,constituency,1JDOkP6nW0qNfSg27DBX_7ZzZ4epF6u32,78176.0,False,78176.0,0.0,True
หนองคาย,3,party_list,1zQQJm3O-vPlpj1xpk6gn-07a83XBTxzz,80364.0,False,80364.0,0.0,True
หนองบัวลำภู,1,constituency,1q5gsnf_vzJJljLPV_DdE7mKd0SUo1PNM,86812.0,False,86812.0,0.0,True
หนองบัวลำภู,1,party_list,17Ixe03oLcebA2rExiDKby-kf2Ic2TzK1,85052.0,False,85052.0,0.0,True
หนองบัวลำภู,2,constituency,1VcPefjA7n3vM81HLF5MeYye_O72OI0MC,79482.0,False,79482.0,0.0,True
หนองบัวลำภู,2,party_list,1I9mvrranB_vxC3BjjgzLXCsPAwmsJ84l,78144.0,False,78144.0,0.0,True
หนองบัวลำภู,3,constituency,1oZuOEiibgaBlqkPiAqY0S1QUt92adlp1,77865.0,False,77865.0,0.0,True
หนองบัวลำภู,3,party_list,1suatd5eSNP4iRyJnRIc9xiU540_eFunX,76807.0,False,76807.0,0.0,True
อำนาจเจริญ,1,constituency,1NnhGbJYoLzQArnPxF3PuqTgIgsMnPNAo,91024.0,False,91024.0,0.0,True
อำนาจเจริญ,1,party_list,13riUCR8lfuUO3nU9N41PmicYVHNWMOVI,91168.0,False,91168.0,0.0,True
อำนาจเจริญ,2,constituency,197MXgI02ZMVRt2hFvLq38jENqHSEcGjO,93862.0,False,93862.0,0.0,True
อำนาจเจริญ,2,party_list,1BnohCn890RT8jyrocSvZBZ_doK-MQyxh,95867.0,False,95867.0,0.0,True
อุดรธานี,1,constituency,1p3E2sb1lKmg-YI-pUNsb7fZcpoPVu327,76456.0,False,76456.0,0.0,True
อุดรธานี,1,party_list,19QW8kw-c0-FGTJEDGWGcVZ8oneek1Wu4,79136.0,False,79136.0,0.0,True
อุดรธานี,2,constituency,1cGikVMKai3Z2GKauU7POitvPJJv7WAbO,82554.0,False,82554.0,0.0,True
อุดรธานี,2,party_list,1c6t7BvydrgeNXDh87FjGqNJBtOFPBBS8,82886.0,False,82886.0,0.0,True
อุดรธานี,3,constituency,1ZWF0Dwxt3pkyjSF-lVZulTwVDn_neaqe,75808.0,False,75808.0,0.0,True
อุดรธานี,3,party_list,1wPIoTLIqXsWSjcsokmNKf6WBBW5OBeUb,74655.0,False,74655.0,0.0,True
อุดรธานี,4,constituency,1bIQKMCcqATd6_DTtsNTjL7m-O4zgkTLq,70876.0,False,70876.0,0.0,True
อุดรธานี,4,party_list,1chM-NciZ5RbEpATYgW9oC-ErjFIpFMkM,69833.0,False,69833.0,0.0,True
อุดรธานี,5,constituency,1n4nSf2EOPkS5kv3t5d4sqEQpLBB6j4LH,69548.0,False,69548.0,0.0,True
อุดรธานี,5,party_list,1gfLK6c02kr__nbSUEkjrSFM5UA-Drxad,68942.0,False,68942.0,0.0,True
อุดรธานี,6,constituency,1Sh5Br6y0CQqPk2qn3JTqzCC2PivTtwZR,77405.0,False,77405.0,0.0,True
อุดรธานี,6,party_list,missing::อุดรธานี::6::party_list,,True,,,False
อุดรธานี,7,constituency,1plokL-FbpOUb8G7367SjzOcJ9Amf2lqL,71025.0,False,71025.0,0.0,True
อุดรธานี,7,party_list,1pr2Gc8xaYA733nOMDgWnRmk63kgMX4iq,72005.0,False,72005.0,0.0,True
อุดรธานี,8,constituency,1Tc82r5UT_JNiO0g35d2W1eBFJ8Z2SZQZ,71066.0,False,71066.0,0.0,True
อุดรธานี,8,party_list,1w_SBbwaAtKrjiTr1Xpd9rtSj8awDJaAu,70133.0,False,70133.0,0.0,True
อุดรธานี,9,constituency,1oxX6StGYxWsS-l2hUn1RDPuRVJ72hzRz,73427.0,False,73427.0,0.0,True
อุดรธานี,9,party_list,1jrpVPIZKJrwRAaGbECc0YheMuYrc_qXq,74887.0,False,74887.0,0.0,True
อุดรธานี,10,constituency,1W_sWu5L9XtfgoxH_SLkiWCUiX6u9xGA6,72317.0,False,72317.0,0.0,True
อุดรธานี,10,party_list,1PgnPeh-Ina4qFNuFltmRWvF_gK23C2MW,73021.0,False,73021.0,0.0,True
อุตรดิตถ์,1,constituency,1eoZpc_9e7U0bLg1jGo314rzkZuD8WaKT,80546.0,False,80546.0,0.0,True
อุตรดิตถ์,1,party_list,1WWcr0Z7I5zmqUUEmkd_uqdO4jcB0jUhM,80582.0,False,80582.0,0.0,True
อุตรดิตถ์,2,constituency,1C7X-Mz5lTfrrSMmgrA95MDVFTbyYrh_-,74992.0,False,74992.0,0.0,True
อุตรดิตถ์,2,party_list,1fx1cHJBn41Py_WC7uxiwqTsRQnR4O50j,74516.0,False,74563.0,-47.0,False
อุตรดิตถ์,3,constituency,17fxNWUXlFexgUa6uHLjXni14-P5CwA-o,74882.0,False,74882.0,0.0,True
อุตรดิตถ์,3,party_list,14JMuxDZ3PvgZTONKwtwTgX1INdwd6DrK,76848.0,False,76848.0,0.0,True
อุทัยธานี,1,constituency,1yt7uv22Wmn9YXeQoH-dtv_y05tX_lVl7,76524.0,False,76524.0,0.0,True
อุทัยธานี,1,party_list,14EWe6kmIMSYqtDLu6JUQYColK1iqbM61,77569.0,False,77569.0,0.0,True
อุทัยธานี,2,constituency,1loTk_MIZRBB7Swmks-8gycWg9wFJE7jh,77470.0,False,77470.0,0.0,True
อุทัยธานี,2,party_list,1wAmGK6xGSHvA7CLwF4Qlj8QSD8QeH1mm,77279.0,False,77279.0,0.0,True
อุบลราชธานี,1,constituency,1dSPVtLDJgCtYucK2orDqxQnJITODrR7C,87991.0,False,87991.0,0.0,True
อุบลราชธานี,1,party_list,1aGNukCcE7IB8YF6mX9MuO1NRUqz7cWm3,92206.0,False,92206.0,0.0,True
อุบลราชธานี,2,constituency,1QSSxGpOHtr6a5HZEL6rrZsYAhMww3-1q,91206.0,False,91206.0,0.0,True
อุบลราชธานี,2,party_list,1fR6sgkzJQt4o1NmQl9L8woQ2RVsxxaBY,90040.0,False,90040.0,0.0,True
อุบลราชธานี,3,constituency,1mpFKiJHanR1Ki9XuN4iEll7Yvd-dZDOA,86097.0,False,86097.0,0.0,True
อุบลราชธานี,3,party_list,1vVtnqSG4yIAfN7Flj5c0xV96-oiWHqdL,86350.0,False,86350.0,0.0,True
อุบลราชธานี,4,constituency,1jKNutjc5H2QjZZ6hUcVobzxzyMhu5YBr,100779.0,False,100779.0,0.0,True
อุบลราชธานี,4,party_list,1TNVGRBZQR-A_Ztk5KKHYUh9-PvMIyRYu,103550.0,False,103550.0,0.0,True
อุบลราชธานี,5,constituency,1IKvagw5tvQeIvaX9ASyRHxiTuxeOLkHs,80991.0,False,80991.0,0.0,True
อุบลราชธานี,5,party_list,1kcIxVVVMrqdef2EyoU2_wf8FehKtsxYz,80187.0,False,80187.0,0.0,True
อุบลราชธานี,6,constituency,1Z_QOQH32AmWyD0y8Ez8ite_RVwTbbDIH,78144.0,False,78144.0,0.0,True
อุบลราชธานี,6,party_list,163bvr2j-edPBaF9m4PMXV1RgjvnwF6WG,77173.0,False,77173.0,0.0,True
อุบลราชธานี,7,constituency,1mGwCYpBxpM13Oe_muoULjILqi1-vcGAi,87014.0,False,87014.0,0.0,True
อุบลราชธานี,7,party_list,16hUZhXo2517w-72EnVv0rYpkeOlqQ7_s,84963.0,False,84963.0,0.0,True
อุบลราชธานี,8,constituency,119OJB8Q4oIy7IpXeWXiPhqXTHHMJ2oNZ,87156.0,False,87156.0,0.0,True
อุบลราชธานี,8,party_list,1L2nxWmHluXKyBUn4W5799JnordWLjwKJ,85355.0,False,85355.0,0.0,True
อุบลราชธานี,9,constituency,1CWKYI3KRsdsbbXfnr02JBIUenZy3AbGx,78470.0,False,78470.0,0.0,True
อุบลราชธานี,9,party_list,104OP-eywCcCTHEjWYAXZNqG-Yn26o-iM,77473.0,False,77473.0,0.0,True
อุบลราชธานี,10,constituency,1HwowBa3IdLVeYLtiujW3VYRMUISzkzRa,85556.0,False,85556.0,0.0,True
อุบลราชธานี,10,party_list,1CSVE48QcO0cc66RFmRDA3As9gBHFP-mU,87008.0,False,87008.0,0.0,True
อุบลราชธานี,11,constituency,1fQDJE4c36YceNACPw0aaswUgSdv3X4zc,80032.0,False,80032.0,0.0,True
อุบลราชธานี,11,party_list,1wj60eMaEE_YTnRM3R1vQeTMOZDgKxQcX,78793.0,False,78793.0,0.0,True
อ่างทอง,1,constituency,1Txf4uKZX7T9FNgkVhp_UN5UAwZ-fCf3N,79775.0,False,79775.0,0.0,True
อ่างทอง,1,party_list,1KKi8EOQlGALAx8OiLle1Zn3VtuFZaIbU,78304.0,False,78304.0,0.0,True
อ่างทอง,2,constituency,1ji_kd6b3ETWy-Q-7UgbEMiDRMaYml3AA,79838.0,False,79838.0,0.0,True
อ่างทอง,2,party_list,1lVNzUv0nyPdUfU7bLnPf9JHx_AOgls0i,78264.0,False,78264.0,0.0,True
เชียงราย,1,constituency,1jQKVr5f340tAWgOlMCH_NRDeAfi0X2Oz,98917.0,False,98917.0,0.0,True
เชียงราย,1,party_list,15wf6Sy82u-dBMxLe0YGDIE_nOJumc4TN,100279.0,False,100279.0,0.0,True
เชียงราย,2,constituency,1b9HrzIznfnXfCITbgKJxhr28nfc8Z5SV,88811.0,False,88811.0,0.0,True
เชียงราย,2,party_list,1CgYBct2TonrVrvzzAdwQ24_B07hcmPLX,91960.0,False,91960.0,0.0,True
เชียงราย,3,constituency,1q5PAvVu5uBRuxlO7IrYT7eKuaXfHxr2A,91475.0,False,91475.0,0.0,True
เชียงราย,3,party_list,11MCOPYWVqKmIAkt8f9dlnZZ3gaQgY-am,95336.0,False,95336.0,0.0,True
เชียงราย,4,constituency,1tcGbhJ1X-M6iup6N8HVFouk9UlFM8ofD,95195.0,False,95195.0,0.0,True
เชียงราย,4,party_list,1zxzT55LJcXfVsFFgwCG8EyJH3efEZiA5,98804.0,False,98804.0,0.0,True
เชียงราย,5,constituency,1Kb8ql_MqEHAS9VJevXvBIWg4hz-1gTA6,91365.0,False,91365.0,0.0,True
เชียงราย,5,party_list,1YAUhN_-1CnAuImFFlqkvr64PRpSPWNAk,92525.0,False,92525.0,0.0,True
เชียงราย,6,constituency,1eYovEvqkmUziQeMYO3Ce370rkRbnK1ck,76481.0,False,76481.0,0.0,True
เชียงราย,6,party_list,1JRMFDXP32gdC5_vUSbC12xESm6NkclUt,78227.0,False,78227.0,0.0,True
เชียงราย,7,constituency,1sk0nGrprl5Fy6Kyz5o_R6NlE24eZyMYr,89036.0,False,89036.0,0.0,True
เชียงราย,7,party_list,1zV7htOTRpIS9aiXfAFIIXzycjFD1Dlng,88463.0,False,88463.0,0.0,True
เชียงใหม่,1,constituency,1NfltwwsfkpUzTIus-V2VMhCpOtuNiCQg,93695.0,False,93695.0,0.0,True
เชียงใหม่,1,party_list,1YBTUUvGdAbBV0Nq4mwyvWrabD6be7uYe,96338.0,False,96338.0,0.0,True
เชียงใหม่,2,constituency,1vigT9_1NkWdalV0B_sIM-8mGvQuwYJeE,101324.0,False,101324.0,0.0,True
เชียงใหม่,2,party_list,1wu8d0qh_93-NoU7t9KMeqj6Mjti4oQ9-,104169.0,False,104169.0,0.0,True
เชียงใหม่,3,constituency,1cesVQQS5tzwyRw67_TOchEINSZc-XDmU,99756.0,False,99756.0,0.0,True
เชียงใหม่,3,party_list,1qR-n-gNZNsHVYe8G2qXHo0hdB4xNVBqG,102183.0,False,102183.0,0.0,True
เชียงใหม่,4,constituency,1zDtsVfHjSf0YNFOSme4nbwrtsWIEXh8T,105843.0,False,105843.0,0.0,True
เชียงใหม่,4,party_list,1fZOR4H1p-LxnoE0zFefbvkM6PivuX0GI,107169.0,False,107169.0,0.0,True
เชียงใหม่,5,constituency,1t8yXQusEHiZsjKMuXCO57inx6QIL6_at,91933.0,False,91933.0,0.0,True
เชียงใหม่,5,party_list,13v3hfBdvYyH5DEi2oyBlMk01294puZa8,93381.0,False,93381.0,0.0,True
เชียงใหม่,6,constituency,1JvmnPF8_XFcEB6f3_LxbwJCpH6tSp3NH,81574.0,False,81574.0,0.0,True
เชียงใหม่,6,party_list,1QkUWjiDCFw2A_Iv3H8QOQhmrmH0Bna1z,82957.0,False,82957.0,0.0,True
เชียงใหม่,7,constituency,1uLxueBYkqgDSlk5yHQtZZHl_aT6y7DYP,90578.0,False,90578.0,0.0,True
เชียงใหม่,7,party_list,13uuT4ZenbApBgNbKud6ygvnxKNtrPIE1,89283.0,False,89283.0,0.0,True
เชียงใหม่,8,constituency,16d1IgdQOblkVnN4_SN-lhbINOvEpVRrG,106179.0,False,106179.0,0.0,True
เชียงใหม่,8,party_list,1lkJnjLRANjl8wL05iQOAn3-xk7BjgPVC,106796.0,False,106796.0,0.0,True
เชียงใหม่,9,constituency,1hYu4oeY9gLJTuFOBSezt3kNN3icbN4-s,96198.0,False,96198.0,0.0,True
เชียงใหม่,9,party_list,160fz5iah1etlfpEijQuRsK6A_OB-e8FY,96856.0,False,96856.0,0.0,True
เชียงใหม่,10,constituency,1RTbS10G-mtAKMiHpBZSAE1LoQm0YynCM,80699.0,False,80699.0,0.0,True
เชียงใหม่,10,party_list,1pGErEA6O0xHsjFZH5gR9WqsJZIDKq3gE,83963.0,False,83963.0,0.0,True
เพชรบุรี,1,constituency,1EI9887TGZoFqr50n4u3HmuqAF7WaAu0D,89618.0,False,89618.0,0.0,True
เพชรบุรี,1,party_list,1rv9vm0RomuUFhvWQUi0IMyLpdgUs_o6A,90344.0,False,90344.0,0.0,True
เพชรบุรี,2,constituency,1NGaEBjRJv8lvYeZKoknxbD6-rYvknfxe,95907.0,False,95907.0,0.0,True
เพชรบุรี,2,party_list,1VDF9AnmOVvDuJuxKtKObKS2sZID-N4Oj,96107.0,False,96107.0,0.0,True
เพชรบุรี,3,constituency,1M04XZTLYM6ULWFw9MbjVxMXdsoMnHV8M,95005.0,False,95005.0,0.0,True
เพชรบุรี,3,party_list,1Re27FOWMhvQZinvTOKUwfoCUBQceX6w2,93375.0,False,93375.0,0.0,True
เพชรบูรณ์,1,constituency,1LGCrDyvdfyBDnWMYL-oTCzcOReHdZFmC,80630.0,False,80630.0,0.0,True
เพชรบูรณ์,1,party_list,1GlNk7_T5WADrp_oa5Q8rR6XeMl-Mr7qP,80482.0,False,80482.0,0.0,True
เพชรบูรณ์,2,constituency,1dWgmLq-ia5JUDaAXg5hIdzIeiePab88u,95529.0,False,95529.0,0.0,True
เพชรบูรณ์,2,party_list,1wogZI0bKc3IIYwx4R-3ENjexFWJHnUc_,91409.0,False,91409.0,0.0,True
เพชรบูรณ์,3,constituency,11HWjt6pjtq4P-jAaFpTtNs8I7HJafpww,85510.0,False,85510.0,0.0,True
เพชรบูรณ์,3,party_list,1CYiElgYWXFwER8gYkkeH8q2sXVODgoR9,83320.0,False,83320.0,0.0,True
เพชรบูรณ์,4,constituency,1gF0ROpGLDxaZDHRLxNbDEruFusxou2Ds,72394.0,False,72394.0,0.0,True
เพชรบูรณ์,4,party_list,1P8KStnRaPOlUePE4ZLZniOpWnFeJ9Ok9,70550.0,False,70550.0,0.0,True
เพชรบูรณ์,5,constituency,1z7kTV5-MThELHJ5xTQAjoYNhX33mYdvZ,73475.0,False,73475.0,0.0,True
เพชรบูรณ์,5,party_list,1SODwtwDh4OhOIkcWoeS7R09JOunYsaue,74502.0,False,74502.0,0.0,True
เพชรบูรณ์,6,constituency,1aTEh5aWbXdG71qMiI3vPbUkFmUuY5Hyc,81129.0,False,81129.0,0.0,True
เพชรบูรณ์,6,party_list,1fMFrd5lLNhkNV08nauUALdZk7xVwqYaY,79123.0,False,79123.0,0.0,True
เลย,1,constituency,1x2AwATGArlDIOrC37HowKeS18mxQmc72,85064.0,False,85064.0,0.0,True
เลย,1,party_list,1UAcWcCGjjMAOZjEIo8l1D64DiCnlgpZQ,86344.0,False,86344.0,0.0,True
เลย,2,constituency,1ldab7T4v1h_usKrIevE3KijPEyKOGfhZ,72730.0,False,72730.0,0.0,True
เลย,2,party_list,1ckLX1ULdyCg10J6RelgGgsCS8Q8HvLYg,75485.0,False,75485.0,0.0,True
เลย,3,constituency,1UxFG7DxJie41YkoowFYFMsMIXMZmexMV,83065.0,False,83065.0,0.0,True
เลย,3,party_list,1NiJaqOqDSwyowrD6VT8eYTtfwdjuItYt,83264.0,False,83264.0,0.0,True
เลย,4,constituency,1v6jcjqV3hDXHRPF7a1R69TR-dfqWlhXv,74118.0,False,74118.0,0.0,True
เลย,4,party_list,1Ac59ujAVbEZq9zutDk5B5uP-O34Cw0MP,76593.0,False,76593.0,0.0,True
แพร่,1,constituency,1qVlGJ7z6NPpnhENmbbX1P35ONMmAND9J,92581.0,False,92581.0,0.0,True
แพร่,1,party_list,1mW8ieJkDbE8lqefou62fNhzVMMZVetJn,92182.0,False,92182.0,0.0,True
แพร่,2,constituency,1reA32jkBZhUffsyGWV5vtxdWv3MnFyuR,83283.0,False,83283.0,0.0,True
แพร่,2,party_list,116NWxwhLm2BJZlwpZe_6ry9Btjosr_Ku,83006.0,False,83006.0,0.0,True
แพร่,3,constituency,1KZRcozKLgetyfmsH6eEr-rjTudQf25Se,73590.0,False,73590.0,0.0,True
แพร่,3,party_list,1fp_m4DdhjX8D_oKJkNR7aFWs_zZwStmH,76597.0,False,76597.0,0.0,True
แม่ฮ่องสอน,1,constituency,1W_Uykn4Fz6rlkT4dHRtfKwv_7MSyW1sk,61134.0,False,61134.0,0.0,True
แม่ฮ่องสอน,1,party_list,1taYcMZ6LTJA8AVyKYFFGZxEpLgYdRck3,62848.0,False,62848.0,0.0,True
แม่ฮ่องสอน,2,constituency,1M8gDiChYCLY4LrBR_14GMaI5zHY25Q8o,67196.0,False,67196.0,0.0,True
แม่ฮ่องสอน,2,party_list,15T47TUHL1aeNLMv7TKMJX8y7wcKwV0T2,68280.0,False,68280.0,0.0,True
