province,district_number,candidate_no,candidate_name,party,votes,drive_id,drive_url
กระบี่,1,2,นายกิตติ กิตติธรกุล,ภูมิใจไทย,50493,1oGYn79Mr7OqXb2I7JFmy1Y3YhtNda7mN,https://drive.google.com/file/d/1oGYn79Mr7OqXb2I7JFmy1Y3YhtNda7mN/view
กระบี่,2,2,นายถิรเดช ตั้งมั่นก่อกิจ,ภูมิใจไทย,42714,1O-m1c3dlYRHNvRZ1zcAs9wVOkeAtYE_W,https://drive.google.com/file/d/1O-m1c3dlYRHNvRZ1zcAs9wVOkeAtYE_W/view
กระบี่,3,5,นายกิตติชัย เอ่งฉ้วน,ภูมิใจไทย,47416,1fDLms3hZKRQNDEmX0iWuFH1SiM8VqLJo,https://drive.google.com/file/d/1fDLms3hZKRQNDEmX0iWuFH1SiM8VqLJo/view
กรุงเทพมหานคร,1,5,นายปารเมศ วิทยารักษ์สรรค์,ประชาชน,34167,1eMio2cG71gPV0BNYPs4_3RWVxFrJEeTc,https://drive.google.com/file/d/1eMio2cG71gPV0BNYPs4_3RWVxFrJEeTc/view
กรุงเทพมหานคร,2,2,นายเสกสิทธิ์ แย้มสงวนศักดิ์,ประชาชน,39499,1yYV_7WvATIkrXZ9Yl1I7I_12nzxNUgk4,https://drive.google.com/file/d/1yYV_7WvATIkrXZ9Yl1I7I_12nzxNUgk4/view
กรุงเทพมหานคร,3,9,นายจรยุทธ จตุรพรประสิทธิ์,ประชาชน,34653,1mRmRW0mCj0-cGmv7gqfBvCbRLLHe7zkS,https://drive.google.com/file/d/1mRmRW0mCj0-cGmv7gqfBvCbRLLHe7zkS/view
กรุงเทพมหานคร,4,2,นายภัณฑิล น่วมเจิม,ประชาชน,34405,1JxW3LXY1b4DjkSHoN1mgZlWjq5pVLRAY,https://drive.google.com/file/d/1JxW3LXY1b4DjkSHoN1mgZlWjq5pVLRAY/view
กรุงเทพมหานคร,5,6,นายปิติกรณ์ บรรณเภสัช,ประชาชน,45269,12OhytfHmQj9DZwl72aJuFmjZtd5FQU-N,https://drive.google.com/file/d/12OhytfHmQj9DZwl72aJuFmjZtd5FQU-N/view
กรุงเทพมหานคร,6,7,นายกัณตภณ ดวงอัมพร,ประชาชน,43239,1HVBCILZX94fkIhkOjOX5nliBfcw4nwTF,https://drive.google.com/file/d/1HVBCILZX94fkIhkOjOX5nliBfcw4nwTF/view
กรุงเทพมหานคร,7,3,นายพุฒิพงศ์ อินทรสุวรรณ,เพื่อไทย,40962,1ValgLEY9IDP2tjduGw73t2M8x6aEuSKl,https://drive.google.com/file/d/1ValgLEY9IDP2tjduGw73t2M8x6aEuSKl/view
กรุงเทพมหานคร,8,1,นายชยพล สท้อนดี,ประชาชน,45092,1BZw_U1BCA58Z3UeKze75FYgglhYX4AwY,https://drive.google.com/file/d/1BZw_U1BCA58Z3UeKze75FYgglhYX4AwY/view
กรุงเทพมหานคร,9,5,นายศุภณัฐ มีนชัยนันท์,ประชาชน,49366,1VglyVY0ywHxYKGyc7OWWGGp5Okd8j2zZ,https://drive.google.com/file/d/1VglyVY0ywHxYKGyc7OWWGGp5Okd8j2zZ/view
กรุงเทพมหานคร,10,6,นายเอกราช อุดมอำนวย,ประชาชน,41804,1AIZIgOpf-7FHKnwxzEkzGJNUciJe7AE7,https://drive.google.com/file/d/1AIZIgOpf-7FHKnwxzEkzGJNUciJe7AE7/view
กรุงเทพมหานคร,11,15,นางสาวศศินันท์ ธรรมนิฐินันท์,ประชาชน,38779,1MEEhXhNx4j9A17_xD92KmQ4e63SmhDpg,https://drive.google.com/file/d/1MEEhXhNx4j9A17_xD92KmQ4e63SmhDpg/view
กรุงเทพมหานคร,12,15,นายภูริวรรธก์ ใจสำราญ,ประชาชน,49925,126l2phoIXU_8ORXIhxMCUGp1VhNEGEf9,https://drive.google.com/file/d/126l2phoIXU_8ORXIhxMCUGp1VhNEGEf9/view
กรุงเทพมหานคร,13,7,เรืออากาศโท ธนเดช เพ็งสุข,ประชาชน,44511,13wKNxoo4Q4GN0EH4IZCKnLcagxF0x9EN,https://drive.google.com/file/d/13wKNxoo4Q4GN0EH4IZCKnLcagxF0x9EN/view
กรุงเทพมหานคร,14,14,นายก่อเกียรติ ก่อสูงศักดิ์,ประชาชน,41528,1nH5Ofm5U22ilGnFqJl6XL11GB-bQ0OIT,https://drive.google.com/file/d/1nH5Ofm5U22ilGnFqJl6XL11GB-bQ0OIT/view
กรุงเทพมหานคร,16,10,นางสาวพิมพ์กาญจน์ กีรติวิราปกรณ์,ประชาชน,46021,1e4v-9wAYX_S3FW8uShYaypKDcU12uS99,https://drive.google.com/file/d/1e4v-9wAYX_S3FW8uShYaypKDcU12uS99/view
กรุงเทพมหานคร,17,10,นายวีรวุธ รักเที่ยง,ประชาชน,28587,1w3OSjYXd8Dnf3mHnuYsmyziJT7xcVfhd,https://drive.google.com/file/d/1w3OSjYXd8Dnf3mHnuYsmyziJT7xcVfhd/view
กรุงเทพมหานคร,18,10,นายธีรัจชัย พันธุมาศ,ประชาชน,34738,1b62sjGfa-FTcRNvMPwYuLqpVeFlzcAo1,https://drive.google.com/file/d/1b62sjGfa-FTcRNvMPwYuLqpVeFlzcAo1/view
กรุงเทพมหานคร,19,6,นายกันต์พงษ์ ประยูรศักดิ์,ประชาชน,42820,1NwGf-MJFU8oxNzTWv6gMLnxIS9sNIhGH,https://drive.google.com/file/d/1NwGf-MJFU8oxNzTWv6gMLnxIS9sNIhGH/view
กรุงเทพมหานคร,20,7,นายชุมพล หลักคำ,ประชาชน,34941,1-hsdjz9J86nvvKe9ELI3kdejY49BtLMh,https://drive.google.com/file/d/1-hsdjz9J86nvvKe9ELI3kdejY49BtLMh/view
กรุงเทพมหานคร,21,8,นายณัฐพงศ์ เปรมพูลสวัสดิ์,ประชาชน,45951,1wgJsCUVKYaLjMvn6xcd_-KbbWXimICYM,https://drive.google.com/file/d/1wgJsCUVKYaLjMvn6xcd_-KbbWXimICYM/view
กรุงเทพมหานคร,22,6,นายสุภกร ตันติไพบูลย์ธนะ,ประชาชน,42264,1RkVRmdFKVTydfk9vDV5_h8C6h41iSa50,https://drive.google.com/file/d/1RkVRmdFKVTydfk9vDV5_h8C6h41iSa50/view
กรุงเทพมหานคร,23,15,นายชลธาร ทรัพย์ไพบูลย์เลิศ,ประชาชน,46782,1vvetQAREhZztZ-Ct-JpY8v8tUJN77QlJ,https://drive.google.com/file/d/1vvetQAREhZztZ-Ct-JpY8v8tUJN77QlJ/view
กรุงเทพมหานคร,24,6,นายณพัฏน์ จิตตภินันท์กัณตา,ประชาชน,46415,1qyQZCwTt3nl-d4OHF0y2CzQMbyoyL-h9,https://drive.google.com/file/d/1qyQZCwTt3nl-d4OHF0y2CzQMbyoyL-h9/view
กรุงเทพมหานคร,25,7,นางสาวแอนศิริ วลัยกนก,ประชาชน,37035,1uGJc1eCCl9sBQyDElUshteZt8PBRGoh9,https://drive.google.com/file/d/1uGJc1eCCl9sBQyDElUshteZt8PBRGoh9/view
กรุงเทพมหานคร,26,1,นาย พงษ์สรณัฐ ทองลี,ประชาชน,44271,1v0fjDVsaMyAwTqhEtF0v03QvwIF2ayFd,https://drive.google.com/file/d/1v0fjDVsaMyAwTqhEtF0v03QvwIF2ayFd/view
กรุงเทพมหานคร,27,7,นายนฤพล เลิศปัญญาโรจน์,ประชาชน,43046,1y90eL9XEvS1hOg6AVVQliudyVtZumsM0,https://drive.google.com/file/d/1y90eL9XEvS1hOg6AVVQliudyVtZumsM0/view
กรุงเทพมหานคร,28,1,นางสางมัญดา อัฐจินดา,ภูมิใจไทย,47692,1BbPEmZso37SzPaFKWN8y-YF-BQCTdBjZ,https://drive.google.com/file/d/1BbPEmZso37SzPaFKWN8y-YF-BQCTdBjZ/view
กรุงเทพมหานคร,29,3,นางสาวทิสรัตน์ เลาหพล,ประชาชน,46402,1MKaK-R4XmDTI_3YPXH9HEDni6ZlnwjHh,https://drive.google.com/file/d/1MKaK-R4XmDTI_3YPXH9HEDni6ZlnwjHh/view
กรุงเทพมหานคร,30,15,นายธัญธร ธนินวัฒนาธร,ประชาชน,45992,1rUXXCcT-JT84VYb6OjO89_GBPs6srGEB,https://drive.google.com/file/d/1rUXXCcT-JT84VYb6OjO89_GBPs6srGEB/view
กรุงเทพมหานคร,31,12,นายอนุสรณ์ ธรรมใจ,ประชาชน,44722,1-FFUjiScNltaO9ur5Cf7ZVNBC6AuzR2K,https://drive.google.com/file/d/1-FFUjiScNltaO9ur5Cf7ZVNBC6AuzR2K/view
กรุงเทพมหานคร,32,15,นางสาวปวิตรา จิตตกิจ,ประชาชน,39727,1Oc6RvuUPxGsSHtjvpn5opoiaEkVMOWET,https://drive.google.com/file/d/1Oc6RvuUPxGsSHtjvpn5opoiaEkVMOWET/view
กรุงเทพมหานคร,33,11,นายเท่าพิภพ ลิ้มจิตรกร,ประชาชน,44860,1KTQwfCYT6bpqVPd0KkccjtexXf0PnAAI,https://drive.google.com/file/d/1KTQwfCYT6bpqVPd0KkccjtexXf0PnAAI/view
กาญจนบุรี,1,5,นายอัครนันท์ กัณณ์กิตตินันท์,เพื่อไทย,38572,1bU_V2e4i9AbSEKCe4zI1yLbMvvE6akey,https://drive.google.com/file/d/1bU_V2e4i9AbSEKCe4zI1yLbMvvE6akey/view
กาญจนบุรี,2,2,นายชูเกียรติ จีนาภักดิ์,ภูมิใจไทย,39327,1swApPWHOLi0VxCh_d0bQ7pwnIN79xDV6,https://drive.google.com/file/d/1swApPWHOLi0VxCh_d0bQ7pwnIN79xDV6/view
กาญจนบุรี,3,5,นายยศวัฒน์ มาไพศาลสิน,ภูมิใจไทย,50759,15OKzVH_AbuDuJ-ObFxu_V1w7xAGKPY3G,https://drive.google.com/file/d/15OKzVH_AbuDuJ-ObFxu_V1w7xAGKPY3G/view
กาญจนบุรี,4,1,นางสาววิสุดา วิเชียรศิลป์,ภูมิใจไทย,52505,1dw2JDU-eVt8_4NvbH3qpTOlY90oWNsgV,https://drive.google.com/file/d/1dw2JDU-eVt8_4NvbH3qpTOlY90oWNsgV/view
กาญจนบุรี,5,2,นายพนม โพธิ์แก้ว,เพื่อไทย,39023,15BcN6nm4R5E2beE5QxzweMxEwRuWhKAx,https://drive.google.com/file/d/15BcN6nm4R5E2beE5QxzweMxEwRuWhKAx/view
กาฬสินธุ์,1,6,นายวิรัช พิมพะนิตย์,เพื่อไทย,35888,1zyrX9yI2WDi4GVmDKDN_1krGBRIeIugv,https://drive.google.com/file/d/1zyrX9yI2WDi4GVmDKDN_1krGBRIeIugv/view
กาฬสินธุ์,2,5,นายพลากร พิมพะนิตย์,เพื่อไทย,43696,1W15Zq7awfjPWG12O4wEcU7-QwD7iaG4l,https://drive.google.com/file/d/1W15Zq7awfjPWG12O4wEcU7-QwD7iaG4l/view
กาฬสินธุ์,3,4,นายจำลอง ภูนวนทา,กล้าธรรม,27385,1mGtSJULd1IlNZNXY86WOMVyeP4csLOec,https://drive.google.com/file/d/1mGtSJULd1IlNZNXY86WOMVyeP4csLOec/view
กาฬสินธุ์,4,4,นายณัฐวัชต์ พิมพะนิตย์,เพื่อไทย,35782,19W7Wze7o2z5WDi1Js-RXaCWVLU8h_jGb,https://drive.google.com/file/d/19W7Wze7o2z5WDi1Js-RXaCWVLU8h_jGb/view
กาฬสินธุ์,5,5,นางสาวบุญญาภา นาชัยเวียง ปุณณนิฏฐา,ภูมิใจไทย,48271,1peRDABTfr2gyblRFtUuLwDL2SBW-2kLF,https://drive.google.com/file/d/1peRDABTfr2gyblRFtUuLwDL2SBW-2kLF/view
กาฬสินธุ์,6,3,นายชนะวุธ อุทโท,เพื่อไทย,59665,1dcth62P1ypYEi_oTtzWh8Y3ryEUBeeGH,https://drive.google.com/file/d/1dcth62P1ypYEi_oTtzWh8Y3ryEUBeeGH/view
กำแพงเพชร,1,2,นายไผ่ ลิกค์,กล้าธรรม,45347,12AJd0tUDsyw6IaIl7E9G0wd20kywfnRy,https://drive.google.com/file/d/12AJd0tUDsyw6IaIl7E9G0wd20kywfnRy/view
กำแพงเพชร,2,3,นายเพชรภูมิ อาภรณ์รัตน์,กล้าธรรม,42302,1NIluGKk9rkWbP9EtYpEE6cC6PHx_y_Bw,https://drive.google.com/file/d/1NIluGKk9rkWbP9EtYpEE6cC6PHx_y_Bw/view
กำแพงเพชร,3,4,นายนพพล ผลอำนวย,เพื่อไทย,33653,12fpaLotgxlIDzg44Qn4K58pKJQVrFhN5,https://drive.google.com/file/d/12fpaLotgxlIDzg44Qn4K58pKJQVrFhN5/view
กำแพงเพชร,4,7,นายสุรสิทธิ์ วงศ์วิทยานันท์,เพื่อไทย,38450,1g6GPyxzpYNmhj6M3Y5aeHvsXQRajqtpy,https://drive.google.com/file/d/1g6GPyxzpYNmhj6M3Y5aeHvsXQRajqtpy/view
ขอนแก่น,1,3,นายวีรนันท์ ฮวดศรี,ประชาชน,35303,1omeFP2AmW4UZ-nzTDIz2OMKRemMyoVnX,https://drive.google.com/file/d/1omeFP2AmW4UZ-nzTDIz2OMKRemMyoVnX/view
ขอนแก่น,2,5,นายอิทธิพล ชลธราศิริ,ประชาชน,41012,1o7M5eV-xVDybAPMEGW8zB2fNpetFFjEj,https://drive.google.com/file/d/1o7M5eV-xVDybAPMEGW8zB2fNpetFFjEj/view
ขอนแก่น,3,1,นายเอกชัย สืบสารคาม,กล้าธรรม,30645,1uhLo9KDViWMLVbHNT7VtClNlFY2tMwio,https://drive.google.com/file/d/1uhLo9KDViWMLVbHNT7VtClNlFY2tMwio/view
ขอนแก่น,4,5,นายรุ่งโรจน์ เย็นสบาย,เพื่อไทย,40255,1NdMSu0P6NSIap-c7ZMbMxRJaRFU5wWEu,https://drive.google.com/file/d/1NdMSu0P6NSIap-c7ZMbMxRJaRFU5wWEu/view
ขอนแก่น,5,3,นายปราชญา หงอกชัย,กล้าธรรม,36120,1XHTpaTferlNSVC_8klXkUOvIA7Zju4hT,https://drive.google.com/file/d/1XHTpaTferlNSVC_8klXkUOvIA7Zju4hT/view
ขอนแก่น,6,4,นายวิศรุต ปู่เพิ่ง,ภูมิใจไทย,43246,1ars2_Oam6a7GjyXeFfjW2G5kBhAGecX8,https://drive.google.com/file/d/1ars2_Oam6a7GjyXeFfjW2G5kBhAGecX8/view
ขอนแก่น,7,4,นายสุรพจน์ เตาะเจริญสุข,เพื่อไทย,32796,1aS2cnm3TZTxzaaqOfU0fg_vhHjwNl5lz,https://drive.google.com/file/d/1aS2cnm3TZTxzaaqOfU0fg_vhHjwNl5lz/view
ขอนแก่น,8,3,นายธนิก มาสีพิทักษ์,กล้าธรรม,33926,1_bFGWp1va2Ei4lhSGRgCwubqatmZ3tlU,https://drive.google.com/file/d/1_bFGWp1va2Ei4lhSGRgCwubqatmZ3tlU/view
ขอนแก่น,9,2,นายณัฐพล กลุ่มเหรียญทอง,เพื่อไทย,42803,1J203qZwj8n27Wla6qa3tij7xtXKOOqR2,https://drive.google.com/file/d/1J203qZwj8n27Wla6qa3tij7xtXKOOqR2/view
ขอนแก่น,10,5,นายพชรกร อรรณนพพร,ภูมิใจไทย,39396,1-HL5orOff1JDiAKmv1bXQCeVDHlZDh3x,https://drive.google.com/file/d/1-HL5orOff1JDiAKmv1bXQCeVDHlZDh3x/view
ขอนแก่น,11,6,นายองอาจ ฉัตรชัยพลรัตน์,ภูมิใจไทย,48810,1wwIP0vHZhfxPATiI8EDPkIqNsiWgSqPx,https://drive.google.com/file/d/1wwIP0vHZhfxPATiI8EDPkIqNsiWgSqPx/view
จันทบุรี,1,1,พลตำรวจโท สุรพล วิรัตน์โยสินทร์,ภูมิใจไทย,32984,10QmKjO9I2zkIiL3J0Xg8ZWk-dDBLodBa,https://drive.google.com/file/d/10QmKjO9I2zkIiL3J0Xg8ZWk-dDBLodBa/view
จันทบุรี,2,3,นายคัมภีร์ ชื่นบาน,ภูมิใจไทย,39979,1e0BgFUS24GdSS3kuL0GAbsvNhfj8oEI4,https://drive.google.com/file/d/1e0BgFUS24GdSS3kuL0GAbsvNhfj8oEI4/view
จันทบุรี,3,3,นายชรัตน์ เนรัญชร,ภูมิใจไทย,31798,1RmxW3WC99vrsuZw-KNd7J1ZQKDD6cuLD,https://drive.google.com/file/d/1RmxW3WC99vrsuZw-KNd7J1ZQKDD6cuLD/view
ฉะเชิงเทรา,1,2,นางฐิติมา ฉายแสง,เพื่อไทย,38717,14Nw6SyLQ-9VSM9rpTBrZWAM46Z2MDl6F,https://drive.google.com/file/d/14Nw6SyLQ-9VSM9rpTBrZWAM46Z2MDl6F/view
ฉะเชิงเทรา,2,4,นายอรรถกร ศิริลัทธยากร,กล้าธรรม,50833,1BQ83KRX2Zdy-2e3Ysu7g7nrPGKKwjtdL,https://drive.google.com/file/d/1BQ83KRX2Zdy-2e3Ysu7g7nrPGKKwjtdL/view
ฉะเชิงเทรา,3,4,นายชัยวัฒน์ เป้าเปี่ยมทรัพย์,กล้าธรรม,52758,1ihcB95g1ULPyw4FR5SsANWy9MsNwNv28,https://drive.google.com/file/d/1ihcB95g1ULPyw4FR5SsANWy9MsNwNv28/view
ฉะเชิงเทรา,4,4,จ่าเอก ยศสิงห์ เหลี่ยมเลิศ,กล้าธรรม,47969,1aJDY6jDoR5-QBmd5Lcxns97DgUHXiqW2,https://drive.google.com/file/d/1aJDY6jDoR5-QBmd5Lcxns97DgUHXiqW2/view
ชลบุรี,1,1,นายสุชาติ ชมกลิ่น,ภูมิใจไทย,46253,1o4aTepSQFEnoRV4owjzj0KXLy3C1aDeE,https://drive.google.com/file/d/1o4aTepSQFEnoRV4owjzj0KXLy3C1aDeE/view
ชลบุรี,2,1,นางสาววรรณิดา นพสิทธิ์,ประชาชน,30061,1UHrjDPOpmNm04LV-p1CZqY1GdUWGkJCh,https://drive.google.com/file/d/1UHrjDPOpmNm04LV-p1CZqY1GdUWGkJCh/view
ชลบุรี,3,2,ร้อยตำรวจเอก สิทธิพัฒน์ ภาวสุทธิ์,ภูมิใจไทย,42501,1N8A5d2vxjIe02yGKOsMB0Yx76-NcJ6z5,https://drive.google.com/file/d/1N8A5d2vxjIe02yGKOsMB0Yx76-NcJ6z5/view
ชลบุรี,4,5,นายจิรวุฒิ สิงห์โตทอง,ภูมิใจไทย,45751,1G6S4w7kgU84X9ZfujGg1ws7XTgYOb0J5,https://drive.google.com/file/d/1G6S4w7kgU84X9ZfujGg1ws7XTgYOb0J5/view
ชลบุรี,5,3,นายอนันต์ ปรีดาสุทธิจิตต์,ภูมิใจไทย,52767,1vvtdVELx6Uy-UCXIy-mI9dywJR3aypgU,https://drive.google.com/file/d/1vvtdVELx6Uy-UCXIy-mI9dywJR3aypgU/view
ชลบุรี,6,7,นางนฤมาศ เปี่ยมบัณฑิต,ประชาชน,41248,1gryJUqkBd4743lo9YwyKsUY7VBGs9y7v,https://drive.google.com/file/d/1gryJUqkBd4743lo9YwyKsUY7VBGs9y7v/view
ชลบุรี,7,1,นายสหัสวัต คุมคง,ประชาชน,39986,1Qo3iFTyE9LLEH6mlIWN0TlmFnUeD9zbD,https://drive.google.com/file/d/1Qo3iFTyE9LLEH6mlIWN0TlmFnUeD9zbD/view
ชลบุรี,8,5,นายเชาวลิตร แสงอุทัย,ภูมิใจไทย,37623,1fUq3X3-b42FixRx5kn810RUVTQFuFwp0,https://drive.google.com/file/d/1fUq3X3-b42FixRx5kn810RUVTQFuFwp0/view
ชลบุรี,9,5,นายยอดชาย พึ่งพร,ประชาชน,27602,1tElS-omfn39W2UNolZqnSLIjsRMUGnZh,https://drive.google.com/file/d/1tElS-omfn39W2UNolZqnSLIjsRMUGnZh/view
ชลบุรี,10,5,นายธนาธาร ประมูลพงษ์,ประชาชน,27129,1YSZ7bExOx_gVbNQxusQZYozXqdvvRyb1,https://drive.google.com/file/d/1YSZ7bExOx_gVbNQxusQZYozXqdvvRyb1/view
ชัยนาท,1,3,นายอนุชา นาคาศัย,เพื่อไทย,36058,1oHtsiTENlPEIJmvbmOechAuSmkXxysUp,https://drive.google.com/file/d/1oHtsiTENlPEIJmvbmOechAuSmkXxysUp/view
ชัยนาท,2,1,นายมณเฑียร สงฆ์ประชา,ภูมิใจไทย,54585,108lzSD4F6xxAtJLCC2Cg0SbkHMz7737m,https://drive.google.com/file/d/108lzSD4F6xxAtJLCC2Cg0SbkHMz7737m/view
ชัยภูมิ,1,2,นายโอซิษฐ์ เกียรติก้องชูชัย,เพื่อไทย,40748,1qRbWj49s4ZgS2EUihGH08sIJIIrc0v-8,https://drive.google.com/file/d/1qRbWj49s4ZgS2EUihGH08sIJIIrc0v-8/view
ชัยภูมิ,2,3,นายเชิงชาย ชาลีรินทร์,เพื่อไทย,54996,13s05tIh_IkfRhoCRoUSY4ub0_MHy3OSJ,https://drive.google.com/file/d/13s05tIh_IkfRhoCRoUSY4ub0_MHy3OSJ/view
ชัยภูมิ,3,1,นายสัมฤทธิ์ แทนทรัพย์,ภูมิใจไทย,48116,1d_WSPp34LhBOzdOFgqvBL2l8S2frHpcO,https://drive.google.com/file/d/1d_WSPp34LhBOzdOFgqvBL2l8S2frHpcO/view
ชัยภูมิ,4,5,นางสาวสุชาดา ซาง แทนทรัพย์,ภูมิใจไทย,36907,1ZLFiPya-SQa4sF4rHBg5maHyVNSl1cVb,https://drive.google.com/file/d/1ZLFiPya-SQa4sF4rHBg5maHyVNSl1cVb/view
ชัยภูมิ,5,5,นายศิวะ พงศ์ธีระดุลย์,เพื่อไทย,29851,125RIB2Ciq737IO4Ckk0nWl9b_Kp5HbTs,https://drive.google.com/file/d/125RIB2Ciq737IO4Ckk0nWl9b_Kp5HbTs/view
ชัยภูมิ,6,5,นายเชวงศักดิ์ เร่งไพบูลย์วงษ์,ภูมิใจไทย,50655,1GnOyv-oSuWPFvD6AXMw3iZwItrlh1xfV,https://drive.google.com/file/d/1GnOyv-oSuWPFvD6AXMw3iZwItrlh1xfV/view
ชัยภูมิ,7,4,นายอัครแสนคีรี โล่ห์วีระ,กล้าธรรม,40833,1zFzg9N8ch5fcFc87zpxhZJ6Bs7KbCARg,https://drive.google.com/file/d/1zFzg9N8ch5fcFc87zpxhZJ6Bs7KbCARg/view
ชุมพร,1,4,นายวิชัย สุดสวาสดิ์,ภูมิใจไทย,45966,1OYG1YT56sF81GQlbSv1QPcJt2PswSdN4,https://drive.google.com/file/d/1OYG1YT56sF81GQlbSv1QPcJt2PswSdN4/view
ชุมพร,2,4,นายกิตติศักดิ์ พรหมรัตน์,ภูมิใจไทย,35467,1XundJ9C6RsYq81yWyiZLwZzO4HRvbz2J,https://drive.google.com/file/d/1XundJ9C6RsYq81yWyiZLwZzO4HRvbz2J/view
ชุมพร,3,4,นายสุพล จุลใส,ภูมิใจไทย,42913,12GJSERpD3ou8W6Lv7du5BdT2ELPBlaX6,https://drive.google.com/file/d/12GJSERpD3ou8W6Lv7du5BdT2ELPBlaX6/view
ตรัง,1,1,นายเอกพล ณ พัทลุง,ภูมิใจไทย,35584,1Q1F0wnsM3knJdlwrj9qVfACFUyRRKU2y,https://drive.google.com/file/d/1Q1F0wnsM3knJdlwrj9qVfACFUyRRKU2y/view
ตรัง,2,4,นายทวี สุระบาล,ภูมิใจไทย,42668,1ySBEX4zLuxtOgmriabNvdt9eAppbwEfA,https://drive.google.com/file/d/1ySBEX4zLuxtOgmriabNvdt9eAppbwEfA/view
ตรัง,3,5,นายกฤตย์อิชย์ ภาคย์อิชณน์,ประชาธิปัตย์,46916,1Vhwsmt8VIVMt8TAcQyhXk6u2NLPoGpOZ,https://drive.google.com/file/d/1Vhwsmt8VIVMt8TAcQyhXk6u2NLPoGpOZ/view
ตรัง,4,2,นายกาญจน์ ตั้งปอง,ประชาธิปัตย์,50809,1av9wvnXH5jxyRGssfIAVZePZMYMbKIkF,https://drive.google.com/file/d/1av9wvnXH5jxyRGssfIAVZePZMYMbKIkF/view
ตราด,1,1,นายพิชานนท์ อิงประสาร,ภูมิใจไทย,66399,1jz-0kVy9dA3AH5EAzo4iPBP0MpfwO1Gw,https://drive.google.com/file/d/1jz-0kVy9dA3AH5EAzo4iPBP0MpfwO1Gw/view
ตาก,1,1,นายธนัสถ์ ทวีเกื้อกูลกิจ,ภูมิใจไทย,37819,1MAy5f78uCbD9OmYgEURKvMha3ql7qBKg,https://drive.google.com/file/d/1MAy5f78uCbD9OmYgEURKvMha3ql7qBKg/view
ตาก,2,2,นายชิงชัย ก่อประภากิจ,กล้าธรรม,25259,14OLeBu0jiQhxyVdV9_Rlo29N-dYnlhVj,https://drive.google.com/file/d/14OLeBu0jiQhxyVdV9_Rlo29N-dYnlhVj/view
ตาก,3,6,นายภาคภูมิ บูลย์ประมุข,กล้าธรรม,30644,1KIoQKdn5e64suspSX-eAp5iWXNVeWSHl,https://drive.google.com/file/d/1KIoQKdn5e64suspSX-eAp5iWXNVeWSHl/view
นครนายก,1,2,นายปิยวัฒน์ กิตติธเนศวร,กล้าธรรม,33707,1CwSaIrN8aqGRbkJ6FzVTrnasSp0zJYQv,https://drive.google.com/file/d/1CwSaIrN8aqGRbkJ6FzVTrnasSp0zJYQv/view
นครนายก,2,6,นายเกรียงไกร กิตติธเนศวร,ภูมิใจไทย,34897,1NLKZCY9roqPgmSVUezIiZmTDi-4T210_,https://drive.google.com/file/d/1NLKZCY9roqPgmSVUezIiZmTDi-4T210_/view
นครปฐม,1,8,นายศุภโชค ศรีสุขจร,ภูมิใจไทย,57347,1UmRDl0Jvn80w1JHRCNpE-dhsdZfe19iB,https://drive.google.com/file/d/1UmRDl0Jvn80w1JHRCNpE-dhsdZfe19iB/view
นครปฐม,2,3,พันโท สินธพ แก้วพิจิตร,กล้าธรรม,44487,1uxiaiKqO4UDjeCUcn8RmFYYV8XFoY80P,https://drive.google.com/file/d/1uxiaiKqO4UDjeCUcn8RmFYYV8XFoY80P/view
นครปฐม,3,6,นายพาณุวัฒณ์ สะสมทรัพย์,ภูมิใจไทย,48099,1yDnIyptGZaNcCmVc4D35AxSFBjmYXF57,https://drive.google.com/file/d/1yDnIyptGZaNcCmVc4D35AxSFBjmYXF57/view
นครปฐม,4,8,พันเอก สุขชาต สะสมทรัพย์,ภูมิใจไทย,50336,1mxgffucPuVzy0un7RN1s_jO5XatI0Vvc,https://drive.google.com/file/d/1mxgffucPuVzy0un7RN1s_jO5XatI0Vvc/view
นครปฐม,5,7,นายอนุชา สะสมทรัพย์,ภูมิใจไทย,40896,1wBuFqYuxRvOuZFjsbV_EAIne8afm5d5T,https://drive.google.com/file/d/1wBuFqYuxRvOuZFjsbV_EAIne8afm5d5T/view
นครปฐม,6,1,นายชลพฤกษ วงศ์อรุณนิยม,ประชาชน,38535,12EWUH1UoYTIqSHOwpqypz6gqgypG5TSg,https://drive.google.com/file/d/12EWUH1UoYTIqSHOwpqypz6gqgypG5TSg/view
นครพนม,1,1,นางสาวศุภพานี โพธิ์สุ,ภูมิใจไทย,61803,1gHIIrx6ollkuOsxbeJvVvcrLZ23L3LwM,https://drive.google.com/file/d/1gHIIrx6ollkuOsxbeJvVvcrLZ23L3LwM/view
นครพนม,2,1,นางมนพร เจริญศรี,เพื่อไทย,51176,1eUWE2Yvh9fzOT2a0ACLYLopuDgJMVhLa,https://drive.google.com/file/d/1eUWE2Yvh9fzOT2a0ACLYLopuDgJMVhLa/view
นครพนม,3,4,นายอลงกต มณีกาศ,ภูมิใจไทย,37134,1c9ZE4822AqCc8uuu0k9YKz3cd3uhQXjv,https://drive.google.com/file/d/1c9ZE4822AqCc8uuu0k9YKz3cd3uhQXjv/view
นครพนม,4,1,นายชาญชัย คำจำปา,เพื่อไทย,41312,1VQ5lRThcfMGHU1zmKqFBODipcAAUJ8Ta,https://drive.google.com/file/d/1VQ5lRThcfMGHU1zmKqFBODipcAAUJ8Ta/view
นครราชสีมา,1,7,นายฉัตร สุภัทรวณิชย์,ประชาชน,32534,15ZGFtRWsjCMd5zInmWlMBH6irip22Cpj,https://drive.google.com/file/d/15ZGFtRWsjCMd5zInmWlMBH6irip22Cpj/view
นครราชสีมา,2,8,นายวัชรพล โตมรศักดิ์,เพื่อไทย,39980,1ec3vCReFnYuwI7VXcn4CMfRmA9DNKSbC,https://drive.google.com/file/d/1ec3vCReFnYuwI7VXcn4CMfRmA9DNKSbC/view
นครราชสีมา,3,5,นายศุทธสิทธิ์ พจน์ฐศักดิ์,ประชาชน,37699,1twC5qDcxqJD1-jKRgvuPNOE4z72CNSQJ,https://drive.google.com/file/d/1twC5qDcxqJD1-jKRgvuPNOE4z72CNSQJ/view
นครราชสีมา,4,4,นางสาวณัฐจิรา อิ่มวิเศษ,เพื่อไทย,34719,1_r5LHSoaIHYNliWSKNLRaagWj0-Nsok0,https://drive.google.com/file/d/1_r5LHSoaIHYNliWSKNLRaagWj0-Nsok0/view
นครราชสีมา,5,1,นายสมเกียรติ ตันดิลกตระกูล,เพื่อไทย,38845,1K2bZs0qeA8LjtbbzGOSo4BJAj_4c6259,https://drive.google.com/file/d/1K2bZs0qeA8LjtbbzGOSo4BJAj_4c6259/view
นครราชสีมา,6,1,นางพัชราวรรณ ภิญโญ,เพื่อไทย,27973,1D-oOnbmgRY8dbqhq3X1tUm5Mr7919-lg,https://drive.google.com/file/d/1D-oOnbmgRY8dbqhq3X1tUm5Mr7919-lg/view
นครราชสีมา,7,2,นางสาวปิยะนุช ยินดีสุข,เพื่อไทย,40228,1tpX1CiOz0-IBmoJ0hOU3hAZKmMtHHLY2,https://drive.google.com/file/d/1tpX1CiOz0-IBmoJ0hOU3hAZKmMtHHLY2/view
นครราชสีมา,8,1,นายนิกร โสมกลาง,เพื่อไทย,51840,1EFSKpTAYxeYPuZo85DvyfEYL4exnRaM4,https://drive.google.com/file/d/1EFSKpTAYxeYPuZo85DvyfEYL4exnRaM4/view
นครราชสีมา,9,3,นายพลพีร์ สุวรรณฉวี,ภูมิใจไทย,41235,1rp0vzjPS0gMJzmbm-vOqinT0Wu1qHtgW,https://drive.google.com/file/d/1rp0vzjPS0gMJzmbm-vOqinT0Wu1qHtgW/view
นครราชสีมา,10,2,นายบุญจง วงศ์ไตรรัตน์,ภูมิใจไทย,43185,1jNUzIezyu3kvIqF08M0zw7TF9Fl3f8dH,https://drive.google.com/file/d/1jNUzIezyu3kvIqF08M0zw7TF9Fl3f8dH/view
นครราชสีมา,11,3,นายอาทิตย์ หวังศุภกิจโกศล,เพื่อไทย,53069,1pIQZVdUXvZKiqXyZh1d3QTKXyRkuasjc,https://drive.google.com/file/d/1pIQZVdUXvZKiqXyZh1d3QTKXyRkuasjc/view
นครราชสีมา,12,3,นายนรเสฏฐ์ ศิริโรจนกุล,เพื่อไทย,47794,1FeBNUJeP079sxAsfXNmBLQZ-3ed7x8_E,https://drive.google.com/file/d/1FeBNUJeP079sxAsfXNmBLQZ-3ed7x8_E/view
นครราชสีมา,13,5,นายพชร จันทรรวงทอง,เพื่อไทย,28157,1SFO8xaUkxrQPWEvAb4xieDOIM01nLEAm,https://drive.google.com/file/d/1SFO8xaUkxrQPWEvAb4xieDOIM01nLEAm/view
นครราชสีมา,14,1,นายหนึ่ง ขัติยะนนท์,ประชาชน,29003,1wYOX4ZSpWAszq2dc7nZZMB2m6vVnR4Vc,https://drive.google.com/file/d/1wYOX4ZSpWAszq2dc7nZZMB2m6vVnR4Vc/view
นครราชสีมา,15,5,นายรชตะ ด่านกุล,เพื่อไทย,37242,15Kh9zyJuEQNP5zsO8PXf_zazEtJIMXOD,https://drive.google.com/file/d/15Kh9zyJuEQNP5zsO8PXf_zazEtJIMXOD/view
นครราชสีมา,16,3,นายตติรัฐ รัตนเศรษฐ,ภูมิใจไทย,32139,1NzwSYAyAw6CwR9H2AsyavHm7ZAcwFOKh,https://drive.google.com/file/d/1NzwSYAyAw6CwR9H2AsyavHm7ZAcwFOKh/view
นครศรีธรรมราช,1,2,นายทรงศักดิ์ มุสิกอง,ประชาธิปัตย์,39225,1-RiKVU10Q1flpzkTVZNYQb2d7qVcDXK_,https://drive.google.com/file/d/1-RiKVU10Q1flpzkTVZNYQb2d7qVcDXK_/view
นครศรีธรรมราช,2,1,นางสาวนันทวัน วิเชียร,ภูมิใจไทย,45334,160PpjAVMsGt1s52robMo5aa7qduqOhGP,https://drive.google.com/file/d/160PpjAVMsGt1s52robMo5aa7qduqOhGP/view
นครศรีธรรมราช,3,1,นายพิทักษ์เดช เดชเดโช,ประชาธิปัตย์,47554,1DHM9lj2gC9uwDvIN33v2flrFpOwLwERK,https://drive.google.com/file/d/1DHM9lj2gC9uwDvIN33v2flrFpOwLwERK/view
นครศรีธรรมราช,4,5,นางกนกพร เดชเดโช,ประชาธิปัตย์,44890,1egL2J29xACWYPx6tH4JCXvBNk8hS9Bae,https://drive.google.com/file/d/1egL2J29xACWYPx6tH4JCXvBNk8hS9Bae/view
นครศรีธรรมราช,5,5,นายสมศักดิ์ แสงอารยะกุล,กล้าธรรม,36801,1hqMrx5lWZkssz_dSPlcn3SS6xrQdKajZ,https://drive.google.com/file/d/1hqMrx5lWZkssz_dSPlcn3SS6xrQdKajZ/view
นครศรีธรรมราช,6,3,นายจอมไกร สวัสดิวงศ์,ประชาธิปัตย์,43293,1KbHuzEWBLEtlzVt0MBLVgVTGp-GcETzz,https://drive.google.com/file/d/1KbHuzEWBLEtlzVt0MBLVgVTGp-GcETzz/view
นครศรีธรรมราช,7,7,นายอภินันท์ สโมสร,ภูมิใจไทย,38684,1fgXH3wCFOjJcEtvV364-cEPdKEYjOAug,https://drive.google.com/file/d/1fgXH3wCFOjJcEtvV364-cEPdKEYjOAug/view
นครศรีธรรมราช,8,1,นางอวยพรศรี เชาวลิต,ภูมิใจไทย,54040,1Asq3nWbmU1ZqWOjJVKPnuIIx2_v0TH7v,https://drive.google.com/file/d/1Asq3nWbmU1ZqWOjJVKPnuIIx2_v0TH7v/view
นครศรีธรรมราช,9,7,นางสาวพิมพ์ภัทรา วิชัยกุล,ภูมิใจไทย,46473,13_mKJmJ2x87ACjsxE9eq7368SUMQTfV6,https://drive.google.com/file/d/13_mKJmJ2x87ACjsxE9eq7368SUMQTfV6/view
นครสวรรค์,1,3,นางสาวภัทราวดี นิโรจน์,ภูมิใจไทย,48861,1FXLw7eWBdeWjbA-eHaRfsasrmGYkUv_e,https://drive.google.com/file/d/1FXLw7eWBdeWjbA-eHaRfsasrmGYkUv_e/view
นครสวรรค์,2,3,นายชานนท์ ไทยเศรษฐ์,ภูมิใจไทย,47296,1XeWHpkeyRO-WChTNBrPJ9cilsVcfQZ7R,https://drive.google.com/file/d/1XeWHpkeyRO-WChTNBrPJ9cilsVcfQZ7R/view
นครสวรรค์,3,5,นายสัญญา นิลสุพรรณ,กล้าธรรม,53454,1hy0aZho3Rv-a9px7yCAtGixBZtaVRik7,https://drive.google.com/file/d/1hy0aZho3Rv-a9px7yCAtGixBZtaVRik7/view
นครสวรรค์,4,2,นายมารุต ศรีผึ้ง,ภูมิใจไทย,55825,17K2dSvPjYBkYzbpp9sxyT0J3gkn7ozLg,https://drive.google.com/file/d/17K2dSvPjYBkYzbpp9sxyT0J3gkn7ozLg/view
นครสวรรค์,5,4,นายพีระเดช ศิริวันสาณฑ์,ภูมิใจไทย,61430,1KSqn1EuT5q8_V6uv0HNH5iDAB0zJLA8h,https://drive.google.com/file/d/1KSqn1EuT5q8_V6uv0HNH5iDAB0zJLA8h/view
นครสวรรค์,6,2,นายประสาท ตันประเสริฐ,ภูมิใจไทย,36543,1qhWED0oyJfSinVEjH6suAHzDcEROYq9q,https://drive.google.com/file/d/1qhWED0oyJfSinVEjH6suAHzDcEROYq9q/view
นนทบุรี,1,8,นายวุฒากร นุตยกุล,ประชาชน,42123,1oJwJto4YpUhJSSYzM2eXhAUGQR0uerju,https://drive.google.com/file/d/1oJwJto4YpUhJSSYzM2eXhAUGQR0uerju/view
นนทบุรี,2,7,นางปัญญารัตน์ นันทภูษิตานนท์,ประชาชน,38013,1myXUDrrf9kCSnt4RAoYyP8UJYjalqalX,https://drive.google.com/file/d/1myXUDrrf9kCSnt4RAoYyP8UJYjalqalX/view
นนทบุรี,3,7,นายอนุสรณ์ แก้ววิเชียร,ประชาชน,47405,1UTdMPQ_1aUFOqo-4QgtQ2dUtxAypjbUO,https://drive.google.com/file/d/1UTdMPQ_1aUFOqo-4QgtQ2dUtxAypjbUO/view
นนทบุรี,4,2,นายกรณ์ มีดี,ประชาชน,33461,1OFVDpp7H4PdU_C6NZL8GWkHcCVi6yTYl,https://drive.google.com/file/d/1OFVDpp7H4PdU_C6NZL8GWkHcCVi6yTYl/view
นนทบุรี,5,8,นายปรีติ เจริญศิลป์,ประชาชน,41888,1kw3q6E6Jk_F_Lb4LGt_g3sjGCarIpsv1,https://drive.google.com/file/d/1kw3q6E6Jk_F_Lb4LGt_g3sjGCarIpsv1/view
นนทบุรี,6,4,นายสุทัศน์ มีศิริ,ประชาชน,44405,1A3Bd-NMdEFtIljMRpAMp98JHq0Xpija5,https://drive.google.com/file/d/1A3Bd-NMdEFtIljMRpAMp98JHq0Xpija5/view
นนทบุรี,7,1,นายเกียรติคุณ ต้นยาง,ประชาชน,41267,1XQZTpIeiR5vqh4E6_8TRK-Y5Pk0xhloc,https://drive.google.com/file/d/1XQZTpIeiR5vqh4E6_8TRK-Y5Pk0xhloc/view
นนทบุรี,8,3,นายนนท์ ไพศาลลิ้มเจริญกิจ,ประชาชน,36631,12pmuzMUzTZlf5-Nh4gogNTF9nfaSlDBe,https://drive.google.com/file/d/12pmuzMUzTZlf5-Nh4gogNTF9nfaSlDBe/view
นราธิวาส,1,4,นายลุตฟี หะยีอีแต,กล้าธรรม,40637,1HyYBgEaqev64kYG6G4GkkzEUZ_2IWHVS,https://drive.google.com/file/d/1HyYBgEaqev64kYG6G4GkkzEUZ_2IWHVS/view
นราธิวาส,2,2,นายอามินทร์ มะยูโต๊ะ,กล้าธรรม,43594,1u9Djagcs-xpQxfkHQWjODtSKXzXOQfQd,https://drive.google.com/file/d/1u9Djagcs-xpQxfkHQWjODtSKXzXOQfQd/view
นราธิวาส,3,2,นายสัมพันธ์ มะยูโซะ,กล้าธรรม,36480,19SEQ3JlF1d9-5azJeDhp09KnWrKG-c90,https://drive.google.com/file/d/19SEQ3JlF1d9-5azJeDhp09KnWrKG-c90/view
นราธิวาส,4,5,นายซาการียา สะอิ,ภูมิใจไทย,42262,1ewicRg1h4Sxy1AWSF6t3hnz2LPua3cQd,https://drive.google.com/file/d/1ewicRg1h4Sxy1AWSF6t3hnz2LPua3cQd/view
นราธิวาส,5,1,นายกมลศักดิ์ ลีวาเมาะ,ประชาชาติ,47012,1WO1Wy9dRf7E4u0GfyA9bLvlD5fFlb71Y,https://drive.google.com/file/d/1WO1Wy9dRf7E4u0GfyA9bLvlD5fFlb71Y/view
น่าน,2,3,นายประสิทธิ์ โนทะ,กล้าธรรม,38228,1WHuT1oRCirzYuc8dNTOa_gKOxWxXGaW9,https://drive.google.com/file/d/1WHuT1oRCirzYuc8dNTOa_gKOxWxXGaW9/view
น่าน,3,2,นายเจริญ อภิภัทรโกศล,ประชาชน,26189,12NuiOsfdjhX9CFXanbIf0kd6zTLMkh3E,https://drive.google.com/file/d/12NuiOsfdjhX9CFXanbIf0kd6zTLMkh3E/view
บึงกาฬ,1,6,นายสยาม เพ็งทอง,ภูมิใจไทย,37182,14oBucoxPb0qVLwU9ufGe7h1sIQwXqjRd,https://drive.google.com/file/d/14oBucoxPb0qVLwU9ufGe7h1sIQwXqjRd/view
บึงกาฬ,2,3,นายสุริยา แป้นสุขา,ภูมิใจไทย,26482,1uOE6HGXjFNb2WZXBoEMX7IOrlmvBXuyU,https://drive.google.com/file/d/1uOE6HGXjFNb2WZXBoEMX7IOrlmvBXuyU/view
บึงกาฬ,3,1,นายวิโรจน์ สาระวงศ์,ภูมิใจไทย,34041,1VzpODNa7IjE6eDVMtTKidQep3biv-LHB,https://drive.google.com/file/d/1VzpODNa7IjE6eDVMtTKidQep3biv-LHB/view
บุรีรัมย์,2,5,,,56479,1XNFjQLyFDZ9vYpHbco961RUfug60l2O9,https://drive.google.com/file/d/1XNFjQLyFDZ9vYpHbco961RUfug60l2O9/view
บุรีรัมย์,3,1,,,56210,1p6sMMfwzDg40BHVrzlBf0-XONxLm2DyP,https://drive.google.com/file/d/1p6sMMfwzDg40BHVrzlBf0-XONxLm2DyP/view
บุรีรัมย์,4,3,,,51536,13AR6YYI8H455K5iek6vnxUDU5l-VqPeV,https://drive.google.com/file/d/13AR6YYI8H455K5iek6vnxUDU5l-VqPeV/view
บุรีรัมย์,8,5,,,53217,1WzRcUghzMxn-Y1ZEMKNG1bUsv7Y7LHWI,https://drive.google.com/file/d/1WzRcUghzMxn-Y1ZEMKNG1bUsv7Y7LHWI/view
ปทุมธานี,1,4,นายเจษฎา ดนตรีเสนาะ,ประชาชน,32835,1KpA6SFhZiSAEHsm8o7t0Rxkspau6vQ0F,https://drive.google.com/file/d/1KpA6SFhZiSAEHsm8o7t0Rxkspau6vQ0F/view
ปทุมธานี,2,1,นายศุภชัย นพขำ,เพื่อไทย,36340,1PuITLuq5ofu5yCvgvnR6KTyzjKTB2HBu,https://drive.google.com/file/d/1PuITLuq5ofu5yCvgvnR6KTyzjKTB2HBu/view
ปทุมธานี,3,7,นายเอกศักดิ์ หอมชื่น,ประชาชน,42004,1fmWDsYZnzXTmKycylSntWVEOiBNf1ED4,https://drive.google.com/file/d/1fmWDsYZnzXTmKycylSntWVEOiBNf1ED4/view
ปทุมธานี,4,1,นายสกล สุนทรวาณิชย์กิจ,ประชาชน,41039,1Q_vyNlUz5qW6zb0z0g9Voy1r_pPAbI01,https://drive.google.com/file/d/1Q_vyNlUz5qW6zb0z0g9Voy1r_pPAbI01/view
ปทุมธานี,5,3,นายเชตวัน เตือประโคน,ประชาชน,35383,1pg72LwM4HlAml2dRTNTB4K2yASF4lnBo,https://drive.google.com/file/d/1pg72LwM4HlAml2dRTNTB4K2yASF4lnBo/view
ปทุมธานี,6,8,นายธนภัทร ตระกูลภูชัย,ประชาชน,42684,13wfIUFLrPX_mzouu3s_EpcYiNVqxDYX7,https://drive.google.com/file/d/13wfIUFLrPX_mzouu3s_EpcYiNVqxDYX7/view
ปทุมธานี,7,4,นายพิษณุ พลธี,ภูมิใจไทย,46202,1p-8IlTlniZm7OvThSA0Im-pUppR-3AEv,https://drive.google.com/file/d/1p-8IlTlniZm7OvThSA0Im-pUppR-3AEv/view
ปทุมธานี,8,3,นางสาวพรพิมล ธรรมสาร,ภูมิใจไทย,42730,18PzDR_JEhyWuy9k7NEnzGJ7cjwIWaTo9,https://drive.google.com/file/d/18PzDR_JEhyWuy9k7NEnzGJ7cjwIWaTo9/view
ประจวบคีรีขันธ์,1,3,นายสังคม แดงโชติ,ภูมิใจไทย,51582,1cupM4QyYQP61yjXHgaRDfXeTn63VktDG,https://drive.google.com/file/d/1cupM4QyYQP61yjXHgaRDfXeTn63VktDG/view
ประจวบคีรีขันธ์,2,1,นายจักพันธ์ ปิยพรไพบูลย์,กล้าธรรม,43420,16nEg4rZBwLqgZmZx3_R-e_JXk-uuZtMt,https://drive.google.com/file/d/16nEg4rZBwLqgZmZx3_R-e_JXk-uuZtMt/view
ประจวบคีรีขันธ์,3,7,นายพงษ์พันธ์ เผ่าประทาน,ภูมิใจไทย,33978,1tgSNjiU7m3QfYp0dyslPKIkpzjbTZvgU,https://drive.google.com/file/d/1tgSNjiU7m3QfYp0dyslPKIkpzjbTZvgU/view
ปราจีนบุรี,1,1,นายอำนาจ วิลาวัลย์,ภูมิใจไทย,42309,1NQmmnLfjNIBIzjud_8oiHD0vRcpqiD8I,https://drive.google.com/file/d/1NQmmnLfjNIBIzjud_8oiHD0vRcpqiD8I/view
ปราจีนบุรี,2,3,นายชยุต ภุมมะกาญจนะ,ภูมิใจไทย,44037,1yGNOqcvXQP4FNge1eXZ3gd2MpyN9AgsC,https://drive.google.com/file/d/1yGNOqcvXQP4FNge1eXZ3gd2MpyN9AgsC/view
ปราจีนบุรี,3,2,นายสฤษดิ์ บุตรเนียร,ภูมิใจไทย,45193,1R2RHqPvUxs0eQF22wg3rxOYbJG6gDz_k,https://drive.google.com/file/d/1R2RHqPvUxs0eQF22wg3rxOYbJG6gDz_k/view
ปัตตานี,1,5,นายบาฮารุดดีน ยูโซะ,ภูมิใจไทย,24377,1xZZ-yOyFHuSk9gH6YLJEe65oJfI8I79S,https://drive.google.com/file/d/1xZZ-yOyFHuSk9gH6YLJEe65oJfI8I79S/view
ปัตตานี,2,2,นายคอซีย์ มามุ,ภูมิใจไทย,38541,1oNDN07U5JRnanJkf3rh7hXAqLUqJpF_c,https://drive.google.com/file/d/1oNDN07U5JRnanJkf3rh7hXAqLUqJpF_c/view
ปัตตานี,3,4,นายบูรฮันธ์ สาเม๊าะ,ภูมิใจไทย,30337,1XX9FA-IJvgohuY8COl7EPbfH-PDknxOF,https://drive.google.com/file/d/1XX9FA-IJvgohuY8COl7EPbfH-PDknxOF/view
ปัตตานี,4,5,นายยูนัยดี วาบา,กล้าธรรม,30170,16wAGqiS1-g0wzYu27egDhZQjxXfOK4zZ,https://drive.google.com/file/d/16wAGqiS1-g0wzYu27egDhZQjxXfOK4zZ/view
ปัตตานี,5,4,นายสาเหะมูหามัด อัลอิดรุส,ภูมิใจไทย,34313,1jl2qrLDiCa43KR2-GsyIxiPtk87kUz1A,https://drive.google.com/file/d/1jl2qrLDiCa43KR2-GsyIxiPtk87kUz1A/view
พระนครศรีอยุธยา,1,6,นายทรงพล สุขสมบูรณ์,ภูมิใจไทย,46696,1g-heXBZ62vHn6dtlnmOdG5g_j8DWoocq,https://drive.google.com/file/d/1g-heXBZ62vHn6dtlnmOdG5g_j8DWoocq/view
พระนครศรีอยุธยา,2,7,นายนพ ชีวานันท์,ภูมิใจไทย,53474,1ncR14QIzbVMNt60EeahJGq8Mg2ZcYuUt,https://drive.google.com/file/d/1ncR14QIzbVMNt60EeahJGq8Mg2ZcYuUt/view
พระนครศรีอยุธยา,3,5,นางสาวพิมพฤดา ตันจรารักษ์,ภูมิใจไทย,58072,10DJiJ2q4G653aZeCLPNLETqvHf8CnBJN,https://drive.google.com/file/d/10DJiJ2q4G653aZeCLPNLETqvHf8CnBJN/view
พระนครศรีอยุธยา,4,4,นายคงกฤช รามศักดิ์,ภูมิใจไทย,51469,1Asn2Bwx08v7gu4umTaJ-KNMoI-7flfQp,https://drive.google.com/file/d/1Asn2Bwx08v7gu4umTaJ-KNMoI-7flfQp/view
พระนครศรีอยุธยา,5,7,นายปะดิธ สังขจาย,ภูมิใจไทย,46623,1-UUGiZCNSbat-q_-MUI2Eor0jOsy1AeM,https://drive.google.com/file/d/1-UUGiZCNSbat-q_-MUI2Eor0jOsy1AeM/view
พะเยา,1,3,นายอัครา พรหมเผ่า,กล้าธรรม,66739,1UfOYjuAa3ydHCM9Rztik8HN3MZoVp1uP,https://drive.google.com/file/d/1UfOYjuAa3ydHCM9Rztik8HN3MZoVp1uP/view
พะเยา,2,1,นายอนุรัตน์ ตันบรรจง,กล้าธรรม,55400,1D6ShAbWtF_FtSPIL3I1nt1v_DpbM9YN_,https://drive.google.com/file/d/1D6ShAbWtF_FtSPIL3I1nt1v_DpbM9YN_/view
พะเยา,3,1,นายจีรเดช ศรีวิราช,กล้าธรรม,59470,1qCNZEBTb4p_Yh0Ojce0Dk3W6Ann8kHWe,https://drive.google.com/file/d/1qCNZEBTb4p_Yh0Ojce0Dk3W6Ann8kHWe/view
พังงา,1,5,นายอรรถพล ไตรศรี,ภูมิใจไทย,36274,1VFczJ7og5lzIMQRCTRdhDVXOZwhchBwT,https://drive.google.com/file/d/1VFczJ7og5lzIMQRCTRdhDVXOZwhchBwT/view
พังงา,2,3,นายฉกาจ พัฒนกิจวิบูลย์,ภูมิใจไทย,26513,1FLLtTod8zVen0q-6aUWhtASKstElFIZl,https://drive.google.com/file/d/1FLLtTod8zVen0q-6aUWhtASKstElFIZl/view
พัทลุง,1,4,นาวาอากาศเอกอธิคุณ คงมี,ภูมิใจไทย,42209,152cxaHEMIHm7VekAgd48mawpTIIsnCT-,https://drive.google.com/file/d/152cxaHEMIHm7VekAgd48mawpTIIsnCT-/view
พัทลุง,2,1,นายวรท เทอดวีระพงศ์,ภูมิใจไทย,58926,1tE0XtgMD3QkOd5BL-K_vaGAq_qNSAsB7,https://drive.google.com/file/d/1tE0XtgMD3QkOd5BL-K_vaGAq_qNSAsB7/view
พัทลุง,3,6,นายจรัญ จันทร์แก้ว,กล้าธรรม,47653,11KaeoKS59Mlfiw_H5a2HFGYBEGbf5cyj,https://drive.google.com/file/d/11KaeoKS59Mlfiw_H5a2HFGYBEGbf5cyj/view
พิจิตร,1,6,นายภัทรพงศ์ ภัทรประสิทธิ์,ภูมิใจไทย,53293,1sgrzX12MFB_z6sgkArqqgBn2NCaGgOBY,https://drive.google.com/file/d/1sgrzX12MFB_z6sgkArqqgBn2NCaGgOBY/view
พิจิตร,2,2,นายวินัย ภัทรประสิทธิ์,ภูมิใจไทย,46639,1QQSpruteYr1I9xTEoJxe7Wkc6iHbeoaP,https://drive.google.com/file/d/1QQSpruteYr1I9xTEoJxe7Wkc6iHbeoaP/view
พิจิตร,3,2,นายศิริวัฒน์ ขจรประศาสน์,ภูมิใจไทย,39021,16fWm4E8il1U_5iZrqxdlEH394zyk66Af,https://drive.google.com/file/d/16fWm4E8il1U_5iZrqxdlEH394zyk66Af/view
พิษณุโลก,1,5,นายณฐชนน ชนะบูรณาศักดิ์,ประชาชน,34692,1YV5qWGmUmSTyxVjPButFyAVEVML69LqP,https://drive.google.com/file/d/1YV5qWGmUmSTyxVjPButFyAVEVML69LqP/view
พิษณุโลก,2,1,นายนพพล เหลืองทองนารา,เพื่อไทย,40429,1t5nHdrhrqFuA8YVPl2VKPCly0lujhDC3,https://drive.google.com/file/d/1t5nHdrhrqFuA8YVPl2VKPCly0lujhDC3/view
พิษณุโลก,3,6,นายพงษ์มนู ทองหนัก,ภูมิใจไทย,42353,1WKcXn4SRZTLWxvlNXDfzOV_6uSe4xHzo,https://drive.google.com/file/d/1WKcXn4SRZTLWxvlNXDfzOV_6uSe4xHzo/view
พิษณุโลก,4,3,นายนิยม ช่างพินิจ,ภูมิใจไทย,42805,1FDUKH2xDWOJ4_dSWBM25fuHBhhEsZ4S1,https://drive.google.com/file/d/1FDUKH2xDWOJ4_dSWBM25fuHBhhEsZ4S1/view
พิษณุโลก,5,5,นายจุติ ไกรฤกษ์,ภูมิใจไทย,34149,1xFyUwnwUO_RILEHVsOO4PRMXJQGyFe1X,https://drive.google.com/file/d/1xFyUwnwUO_RILEHVsOO4PRMXJQGyFe1X/view
ภูเก็ต,1,3,ว่าที่ร้อยตรีสมชาติ เตชถาวรเจริญ,ประชาชน,19458,1UL0_qHKvRSmWf0Deo1IwKIIOlDzDzjmd,https://drive.google.com/file/d/1UL0_qHKvRSmWf0Deo1IwKIIOlDzDzjmd/view
ภูเก็ต,2,6,นายเฉลิมพงศ์ แสงดี,ประชาชน,24877,10ONZcTBESOqqPprX-_FoAfK-FUbemxpl,https://drive.google.com/file/d/10ONZcTBESOqqPprX-_FoAfK-FUbemxpl/view
ภูเก็ต,3,3,นางสาวอรทัย เกิดทรัพย์,กล้าธรรม,30360,1Wgi8BKGw8Hm1AT5KnLWd_4LN7papwaB4,https://drive.google.com/file/d/1Wgi8BKGw8Hm1AT5KnLWd_4LN7papwaB4/view
มหาสารคาม,1,6,นายฤทธิรงค์ ภูมิสวัสดิ์,ภูมิใจไทย,32493,1IO2mowaFL3d6-WQaaQwpNDIx1pQujQQQ,https://drive.google.com/file/d/1IO2mowaFL3d6-WQaaQwpNDIx1pQujQQQ/view
มหาสารคาม,2,5,นายประวัติ ทองสมบูรณ์,ภูมิใจไทย,32203,1IzBtSsI-hIBOkAIVWZm3Vf-7PMWed3EY,https://drive.google.com/file/d/1IzBtSsI-hIBOkAIVWZm3Vf-7PMWed3EY/view
มหาสารคาม,3,6,นายลัทธชัย โชคชัยวัฒนากร,ภูมิใจไทย,39612,1j6dNC2Axb2waUo45Q22vGqueIE5eRikg,https://drive.google.com/file/d/1j6dNC2Axb2waUo45Q22vGqueIE5eRikg/view
มหาสารคาม,4,3,นายวิเชียร จงชูวณิชย์,ภูมิใจไทย,30843,1ybMxyu9c8tJ4LDaM_BjHAyLMX_KVO3HW,https://drive.google.com/file/d/1ybMxyu9c8tJ4LDaM_BjHAyLMX_KVO3HW/view
มหาสารคาม,5,1,นายจิรวัฒน์ ศิริพานิชย์,เพื่อไทย,36149,1Y_-frDY8b8TKufTtArRfD836do1YinQw,https://drive.google.com/file/d/1Y_-frDY8b8TKufTtArRfD836do1YinQw/view
มหาสารคาม,6,1,นางคมคาย อุดรพิมพ์,ภูมิใจไทย,38939,1DZEzbzWTvLsDMIzE21a7WqmLM1jsZ7lI,https://drive.google.com/file/d/1DZEzbzWTvLsDMIzE21a7WqmLM1jsZ7lI/view
มุกดาหาร,1,4,นายวิริยะ ทองผา,ภูมิใจไทย,31342,17oXsEBd3sEknl5jjb2nUWcBHOfK5ExeO,https://drive.google.com/file/d/17oXsEBd3sEknl5jjb2nUWcBHOfK5ExeO/view
มุกดาหาร,2,1,นายเลขาดำไตรสรณคมน์ หนองเรือง,กล้าธรรม,42393,10S7jQLVcsKpZePi0j1nbJwlxceOeJFs7,https://drive.google.com/file/d/10S7jQLVcsKpZePi0j1nbJwlxceOeJFs7/view
ยะลา,1,3,นายสุไลมาน บือแนปีแน,ประชาชาติ,31446,1oyunMIrx_Ou1sQOsVjlJ4T1I94qlrKVf,https://drive.google.com/file/d/1oyunMIrx_Ou1sQOsVjlJ4T1I94qlrKVf/view
ยะลา,2,7,นายซูการ์โน มะทา,ประชาชาติ,46972,1SDuAZiMZIuPM9ZgUQg4IzIo69wu6PBzR,https://drive.google.com/file/d/1SDuAZiMZIuPM9ZgUQg4IzIo69wu6PBzR/view
ยะลา,3,3,นายอับดุลอายี สาแม็ง,ประชาชาติ,34910,1tZfDrd_zH2ozDUEzgq355DdO8W5YVJ0t,https://drive.google.com/file/d/1tZfDrd_zH2ozDUEzgq355DdO8W5YVJ0t/view
ยโสธร,1,2,นางสุภาพร สลับศรี,ภูมิใจไทย,49334,1z4BVMx4lSMoYUXsqPSyx4iecY8Fxwhb5,https://drive.google.com/file/d/1z4BVMx4lSMoYUXsqPSyx4iecY8Fxwhb5/view
ยโสธร,2,3,นายวรายุทธ จงอักษร,ภูมิใจไทย,51233,1XqAXsUDh6siM31Q8_dVssYRfQo4NKHWS,https://drive.google.com/file/d/1XqAXsUDh6siM31Q8_dVssYRfQo4NKHWS/view
ยโสธร,3,2,นายธนพัฒน์ ศรีชนะ,ภูมิใจไทย,44970,1c9-eRCLNqh4MmJ0WWgbplg27dRmiZyVm,https://drive.google.com/file/d/1c9-eRCLNqh4MmJ0WWgbplg27dRmiZyVm/view
ระนอง,1,4,นายคงกฤษ ฉัตรมาลีรัตน์,ภูมิใจไทย,59363,1Js0d-h4AOQ30m8MtUn2o6v_Ksp_kdVWf,https://drive.google.com/file/d/1Js0d-h4AOQ30m8MtUn2o6v_Ksp_kdVWf/view
ระยอง,1,1,นางสาวกมนทรรศน์ กิตติสุนทรสกุล,ประชาชน,36934,1egHzkfNT5KM524XgS80PCqOzfamz6_3g,https://drive.google.com/file/d/1egHzkfNT5KM524XgS80PCqOzfamz6_3g/view
ระยอง,2,1,นายกฤช ศิลปชัย,ประชาชน,33687,1FoMMf18LQ0PfTNp5dVrKu2DpDNp8s1gT,https://drive.google.com/file/d/1FoMMf18LQ0PfTNp5dVrKu2DpDNp8s1gT/view
ระยอง,3,5,นายพศิน ปิตุเตชะ,ประชาธิปัตย์,26873,1eaSgfvLvOtTEe6EOEgTjlCmQ4uqoRRcF,https://drive.google.com/file/d/1eaSgfvLvOtTEe6EOEgTjlCmQ4uqoRRcF/view
ระยอง,4,2,นายฉัตรชัย ปิตุเตชะ,ภูมิใจไทย,46134,19iB389xxphVBcRnxmC7kodflHLt95a7Y,https://drive.google.com/file/d/19iB389xxphVBcRnxmC7kodflHLt95a7Y/view
ระยอง,5,2,นายวัชรพงษ์ ศิริรักษ์,ประชาชน,37569,1eslhYSidMcihgOc9AiTQWwKo9KQEEqsv,https://drive.google.com/file/d/1eslhYSidMcihgOc9AiTQWwKo9KQEEqsv/view
ราชบุรี,1,4,นางสาวกุลวลี นพอมรบดี,ภูมิใจไทย,56407,1mV5J7Fx33Lo8JuQvFzflLbJdhPK-2-Bw,https://drive.google.com/file/d/1mV5J7Fx33Lo8JuQvFzflLbJdhPK-2-Bw/view
ราชบุรี,2,4,นางบุญยิ่ง นิติกาญจนา,กล้าธรรม,43510,1Fp_59CGhY-zCmjtucDKCqiR0N0QV-rkJ,https://drive.google.com/file/d/1Fp_59CGhY-zCmjtucDKCqiR0N0QV-rkJ/view
ราชบุรี,3,2,นายจตุพร กมลพันธ์ทิพย์,กล้าธรรม,51702,1rEQ2O0RMpODU6MhwsjYRd8D94uxNXSbI,https://drive.google.com/file/d/1rEQ2O0RMpODU6MhwsjYRd8D94uxNXSbI/view
ราชบุรี,4,3,นายอัครเดช วงษ์พิทักษ์โรจน์,ภูมิใจไทย,55778,1DtCvEB76l9hvEVVfNJms6UrhCTwE5bp6,https://drive.google.com/file/d/1DtCvEB76l9hvEVVfNJms6UrhCTwE5bp6/view
ราชบุรี,5,4,นายบุญลือ ประเสริฐโสภา,ภูมิใจไทย,45150,1MwAPlXri0TsCpir7DNYc1Xlb7_0R21XS,https://drive.google.com/file/d/1MwAPlXri0TsCpir7DNYc1Xlb7_0R21XS/view
ร้อยเอ็ด,1,5,นายอนุรักษ์ จุรีมาศ,ภูมิใจไทย,50238,1IGLvel2r4G688gbYvZku1P_K3CRtQNvi,https://drive.google.com/file/d/1IGLvel2r4G688gbYvZku1P_K3CRtQNvi/view
ร้อยเอ็ด,2,2,นายเอกรัฐ พลชื่อ,กล้าธรรม,43764,1ssrezAuqQmCrZhZkBVBWwxnMghEYiLh2,https://drive.google.com/file/d/1ssrezAuqQmCrZhZkBVBWwxnMghEYiLh2/view
ร้อยเอ็ด,3,3,นางรัชนี พลชื่อ,กล้าธรรม,35999,1CaNwnljRO2p3_KjM2ADWv14BsbziIFdX,https://drive.google.com/file/d/1CaNwnljRO2p3_KjM2ADWv14BsbziIFdX/view
ร้อยเอ็ด,4,4,นายศุภศิษย์ กอเจริญยศ,เพื่อไทย,22302,1mcDCxqGFttnYzpFRNJvZxdma4MiRU-k-,https://drive.google.com/file/d/1mcDCxqGFttnYzpFRNJvZxdma4MiRU-k-/view
ร้อยเอ็ด,5,6,นางสาวจิราพร สินธุไพร,เพื่อไทย,43787,1bgwrlMmwdOwetxmeCkyHddXuDaqCGFdo,https://drive.google.com/file/d/1bgwrlMmwdOwetxmeCkyHddXuDaqCGFdo/view
ร้อยเอ็ด,6,4,นายทองลี มีหินกอง,เพื่อไทย,33696,1MY8F_fKTLk0F7HsQ-D7TTOEmpTNWl28v,https://drive.google.com/file/d/1MY8F_fKTLk0F7HsQ-D7TTOEmpTNWl28v/view
ร้อยเอ็ด,7,4,นายชัชวาล แพทยาไทย,ไทยสร้างไทย,44414,1HqTHQjze0AbijdTN-qFD-rQiPxzlx3Kd,https://drive.google.com/file/d/1HqTHQjze0AbijdTN-qFD-rQiPxzlx3Kd/view
ร้อยเอ็ด,8,6,นางสาวชญาภา สินธุไพร,เพื่อไทย,26860,1NNCqHpPF_wvXJoJPilR0_Uv_tgWUjrMN,https://drive.google.com/file/d/1NNCqHpPF_wvXJoJPilR0_Uv_tgWUjrMN/view
ลพบุรี,1,8,นายนรินทร์ คลังผา,ภูมิใจไทย,38126,13TprIwJLBZxlSAznHiSD-MyfMckZgaea,https://drive.google.com/file/d/13TprIwJLBZxlSAznHiSD-MyfMckZgaea/view
ลพบุรี,2,3,นางสาวมัลลิกา จิระพันธุ์วานิช,ภูมิใจไทย,58141,1pmZCFtmXTURK0fVrqhalUIOQbt2AUz0I,https://drive.google.com/file/d/1pmZCFtmXTURK0fVrqhalUIOQbt2AUz0I/view
ลพบุรี,3,6,นางสาวกาญจนาพร จิระพันธุ์วาณิช,ภูมิใจไทย,49264,11ni1euivZs12xauGxIKjDEqUE6zC3rzC,https://drive.google.com/file/d/11ni1euivZs12xauGxIKjDEqUE6zC3rzC/view
ลพบุรี,4,5,นายวรวงศ์ วรปัญญา,เพื่อไทย,50031,1ZUZ03q1yly5smzZw4vXbDQbBZ47W8VL3,https://drive.google.com/file/d/1ZUZ03q1yly5smzZw4vXbDQbBZ47W8VL3/view
ลำปาง,1,8,นางทิพา ปวีณาเสถียร,ประชาชน,47614,1W_1A7Vcy3fcUxw1jRFV7pw7VQKeCFgAX,https://drive.google.com/file/d/1W_1A7Vcy3fcUxw1jRFV7pw7VQKeCFgAX/view
ลำปาง,2,5,นายดาชัย เอกปฐพี,กล้าธรรม,35828,1Fvf2rAGEc8E9R4hBlccJIzPBkUj0WzDY,https://drive.google.com/file/d/1Fvf2rAGEc8E9R4hBlccJIzPBkUj0WzDY/view
ลำปาง,3,4,นายชลธานี เชื้อน้อย,ประชาชน,41016,1RwvHJYKSPOMWMxuHoBRqWRjDtrAot2Cu,https://drive.google.com/file/d/1RwvHJYKSPOMWMxuHoBRqWRjDtrAot2Cu/view
ลำปาง,4,3,นางสาวเพ็ญภัค รัตนคำฟู,กล้าธรรม,38171,1bZ4VxL1TcM4q0d1RA4b83SWJIykgc6UL,https://drive.google.com/file/d/1bZ4VxL1TcM4q0d1RA4b83SWJIykgc6UL/view
ลำพูน,1,1,นายวิทวิสิทธิ์ ปันสวนปลูก,ประชาชน,66093,1m5Z2UlGCJN0Xcu4oMNiHwcpHDlRpqQkJ,https://drive.google.com/file/d/1m5Z2UlGCJN0Xcu4oMNiHwcpHDlRpqQkJ/view
ลำพูน,2,3,นายชัชพีร์ วรรณาพิรัชย์,ประชาชน,49316,19CqwmO-Pj2HbpLQ4PeAp_SOPQlz4U1SI,https://drive.google.com/file/d/19CqwmO-Pj2HbpLQ4PeAp_SOPQlz4U1SI/view
ศรีสะเกษ,1,5,นายสิริพงศ์ อังคสกุลเกียรติ,ภูมิใจไทย,53220,14TXAj8mlYfj2zdCWQEuVs1kGLmw06_O5,https://drive.google.com/file/d/14TXAj8mlYfj2zdCWQEuVs1kGLmw06_O5/view
ศรีสะเกษ,2,4,นายศุภกิจ สีหาภาค,ภูมิใจไทย,35712,1kg77waLv7sBVH8e7yiLTtMbN6m7Fdd8K,https://drive.google.com/file/d/1kg77waLv7sBVH8e7yiLTtMbN6m7Fdd8K/view
ศรีสะเกษ,3,4,นายธนา กิจไพบูลย์ชัย,ภูมิใจไทย,51942,1U8LtWfzf8ge0dSY6nBnjTbUSTlrPPUvI,https://drive.google.com/file/d/1U8LtWfzf8ge0dSY6nBnjTbUSTlrPPUvI/view
ศรีสะเกษ,4,4,นายชิตพล ไตรสรณกุล,ภูมิใจไทย,43534,1cNN2L6UhU44Cfa6RUSXxWrpCTGzwUQUc,https://drive.google.com/file/d/1cNN2L6UhU44Cfa6RUSXxWrpCTGzwUQUc/view
ศรีสะเกษ,5,4,นางสาวจินณ์ตวรรณ ไตรสรณกุล,ภูมิใจไทย,39108,1HHCl6bPD2AVET2fkkjEcIQhybZolGRh4,https://drive.google.com/file/d/1HHCl6bPD2AVET2fkkjEcIQhybZolGRh4/view
ศรีสะเกษ,6,4,นายวีระพล จิตสัมฤทธิ์,เพื่อไทย,31345,1-v0F3shlySw7OkzOUzdlrCOR2M_XxrYv,https://drive.google.com/file/d/1-v0F3shlySw7OkzOUzdlrCOR2M_XxrYv/view
ศรีสะเกษ,7,6,นางสาววิลดา อินฉัตร,เพื่อไทย,36190,1p1w9kQQcHjF4AQWBdZzw2T628QY441YB,https://drive.google.com/file/d/1p1w9kQQcHjF4AQWBdZzw2T628QY441YB/view
ศรีสะเกษ,8,2,นายอาสพลธ์ สรรณ์ไตรภพ,ภูมิใจไทย,59873,11I7ad9ph4lA9TiRSEPT4VJBmMg5fAH7R,https://drive.google.com/file/d/11I7ad9ph4lA9TiRSEPT4VJBmMg5fAH7R/view
ศรีสะเกษ,9,2,นายวิทวัส ไตรสรณกุล,ภูมิใจไทย,39667,1W0GZEKBUXl3n1JhGtBqi_1V3xg2o_n-p,https://drive.google.com/file/d/1W0GZEKBUXl3n1JhGtBqi_1V3xg2o_n-p/view
สกลนคร,1,6,นายสิรภพ สมผล,กล้าธรรม,27337,1mafFv4NdqwuM4gsqnHBcrYXgi438Fiak,https://drive.google.com/file/d/1mafFv4NdqwuM4gsqnHBcrYXgi438Fiak/view
สกลนคร,2,4,นายชาตรี หล้าพรหม,กล้าธรรม,25737,127TllTdQoVVUB-tM5pwYwAyb1evUW4DP,https://drive.google.com/file/d/127TllTdQoVVUB-tM5pwYwAyb1evUW4DP/view
สกลนคร,3,4,นางสาวจิรัชยา สัพโส,เพื่อไทย,48088,1BxBQNF4ysfQ92XmfNTl-U9-Z9_zee3kW,https://drive.google.com/file/d/1BxBQNF4ysfQ92XmfNTl-U9-Z9_zee3kW/view
สกลนคร,4,6,นายพัฒนา สัพโส,เพื่อไทย,29887,194S0wd8R8XJCWl7F5CwQm2-OFsZxlX1G,https://drive.google.com/file/d/194S0wd8R8XJCWl7F5CwQm2-OFsZxlX1G/view
สกลนคร,5,2,นางสาววงศ์อะเกื้อ บุญศล,กล้าธรรม,27906,1j4XSRyRGatg6L-Pkd2R1DWZXZBN8llBg,https://drive.google.com/file/d/1j4XSRyRGatg6L-Pkd2R1DWZXZBN8llBg/view
สกลนคร,6,5,นายบรม เอ่งฉ้วน,ภูมิใจไทย,34892,1CF91orV59cKZj4DrV2wGrn-W_625owUS,https://drive.google.com/file/d/1CF91orV59cKZj4DrV2wGrn-W_625owUS/view
สกลนคร,7,3,นายอิสรพงษ์ อุประ,เพื่อไทย,23571,14fWn_R2iCBzQSy8EvKwZaGlCnvGN69KN,https://drive.google.com/file/d/14fWn_R2iCBzQSy8EvKwZaGlCnvGN69KN/view
สงขลา,1,2,นายสรรเพชญ บุญญามณี,ภูมิใจไทย,44252,1WCa3eEGmZefyMgsphRiYKca3PeeXfjGa,https://drive.google.com/file/d/1WCa3eEGmZefyMgsphRiYKca3PeeXfjGa/view
สงขลา,2,1,นายจูรี นุ่มแก้ว,ประชาธิปัตย์,32205,1Nh8zcREMw2k0XXfgUaPdavBZt0wlGXuu,https://drive.google.com/file/d/1Nh8zcREMw2k0XXfgUaPdavBZt0wlGXuu/view
สงขลา,3,5,นายสมยศ พลายด้วง,ภูมิใจไทย,36656,1INa9wcG-FG02Nn0umZvqBTcQmC4F4NDv,https://drive.google.com/file/d/1INa9wcG-FG02Nn0umZvqBTcQmC4F4NDv/view
สงขลา,4,2,นายชนนพัฒฐ์ นาคสั้ว,กล้าธรรม,45863,1rlIHiwTFuEQpOxTrrpouRd6RTqetFxQZ,https://drive.google.com/file/d/1rlIHiwTFuEQpOxTrrpouRd6RTqetFxQZ/view
สงขลา,5,3,นายวงศ์วชร ขาวทอง,กล้าธรรม,51130,13kJfGXP6haSDtsfTooe5wmIC5oOo8PuN,https://drive.google.com/file/d/13kJfGXP6haSDtsfTooe5wmIC5oOo8PuN/view
สงขลา,6,3,นายอนุกูล พฤกษานุศักดิ์,ภูมิใจไทย,48391,1tUmMiPqijb00ChBZJS2ZJboGoaxRCGhV,https://drive.google.com/file/d/1tUmMiPqijb00ChBZJS2ZJboGoaxRCGhV/view
สงขลา,7,2,นายณัฏฐ์ชนน ศรีก่อเกื้อ,ภูมิใจไทย,36128,1OpcoVUXV-HxStBxARnZg7q34LPC7TO-5,https://drive.google.com/file/d/1OpcoVUXV-HxStBxARnZg7q34LPC7TO-5/view
สงขลา,8,3,พล.ต.ต.สุรินทร์ ปาลาเร่,กล้าธรรม,43540,18jLR5BMP1mFhu1_gmfkmrrJ1kbd53_1B,https://drive.google.com/file/d/18jLR5BMP1mFhu1_gmfkmrrJ1kbd53_1B/view
สงขลา,9,2,นายศักดิ์สิทธิ์ ขาวทอง,ประชาธิปัตย์,49475,1sfr874SIv5LxR24N087UeyPpXg6QAG6M,https://drive.google.com/file/d/1sfr874SIv5LxR24N087UeyPpXg6QAG6M/view
สตูล,1,3,นายพีรพัฒน์ รัชกิจประการ,ภูมิใจไทย,38100,1y2FxPfv0B8sY9REPS7RAhNUiTELR3w02,https://drive.google.com/file/d/1y2FxPfv0B8sY9REPS7RAhNUiTELR3w02/view
สตูล,2,4,นายวรศิษฎ์ เลียงประสิทธิ์,ภูมิใจไทย,56595,1m5-8PO7hr2nRyioJuyXxEi1ub2OWa_AQ,https://drive.google.com/file/d/1m5-8PO7hr2nRyioJuyXxEi1ub2OWa_AQ/view
สมุทรปราการ,1,7,นางสาวพนิดา มงคลสวัสดิ์,ประชาชน,43463,1AKmivPbAoeYNwLO1Num3ZLrVWbcbbrhN,https://drive.google.com/file/d/1AKmivPbAoeYNwLO1Num3ZLrVWbcbbrhN/view
สมุทรปราการ,2,7,นางสาวรัชนก สุขประเสริฐ,ประชาชน,40979,1dulP7mHU8b61ehkXxbpk-88z5-VJoBAY,https://drive.google.com/file/d/1dulP7mHU8b61ehkXxbpk-88z5-VJoBAY/view
สมุทรปราการ,3,4,นายพิชัย แจ้งจรรยาวงศ์,ประชาชน,45335,1GwNRtCZwEXA906c5nbMbRfzvdUiNgHg3,https://drive.google.com/file/d/1GwNRtCZwEXA906c5nbMbRfzvdUiNgHg3/view
สมุทรปราการ,4,2,นายชนสิษฎ์ ยอดฉิม,ประชาชน,48876,163vUrbLbBeG5Mqw8VJLMAR5GiW4tyvbG,https://drive.google.com/file/d/163vUrbLbBeG5Mqw8VJLMAR5GiW4tyvbG/view
สมุทรปราการ,5,11,นางสาวนิตยา มีศรี,ประชาชน,57198,12UJb03o7ClLfLeDxObNKVuLTmLuwjvXv,https://drive.google.com/file/d/12UJb03o7ClLfLeDxObNKVuLTmLuwjvXv/view
สมุทรปราการ,6,4,นายฐาปกรณ์ กุลเจริญ,ภูมิใจไทย,35571,1hW_5H73egzyestd01PxbmScMm6VVX3xv,https://drive.google.com/file/d/1hW_5H73egzyestd01PxbmScMm6VVX3xv/view
สมุทรปราการ,7,8,นายบุญเลิศ แสงพันธุ์,ประชาชน,46394,1LY1z90KeXVtulZIaWuhs23JiYcDdbL6D,https://drive.google.com/file/d/1LY1z90KeXVtulZIaWuhs23JiYcDdbL6D/view
สมุทรปราการ,8,9,นายเทพฤทธิ์ ภาษี,ประชาชน,40230,1eSUvuToRKCFTX-iL5G4gcJTujbQ_ilTG,https://drive.google.com/file/d/1eSUvuToRKCFTX-iL5G4gcJTujbQ_ilTG/view
สมุทรสงคราม,1,5,นายอานุภาพ ลิขิตอำนวยชัย,ประชาชน,39492,1UBbkVeBZm8EILgnGZWn0LZnAAVBPCmZw,https://drive.google.com/file/d/1UBbkVeBZm8EILgnGZWn0LZnAAVBPCmZw/view
สมุทรสาคร,1,5,นายณัฐพงษ์ สุมโนธรรม,ประชาชน,32553,1ECGupZuePvbuNOGm11IZHON82Ddov7L5,https://drive.google.com/file/d/1ECGupZuePvbuNOGm11IZHON82Ddov7L5/view
สมุทรสาคร,2,1,นายอนุสรณ์ ไกรวัตนุสสรณ์,ภูมิใจไทย,34749,1BEenNoSVYMbIMM3T3MLHJEmzgMUgq_3i,https://drive.google.com/file/d/1BEenNoSVYMbIMM3T3MLHJEmzgMUgq_3i/view
สมุทรสาคร,3,3,นายศิริโรจน์ ธนิกกุล,ประชาชน,30787,1bVHvtNcyLjVUpy1umAi6MBavHHefs6Ae,https://drive.google.com/file/d/1bVHvtNcyLjVUpy1umAi6MBavHHefs6Ae/view
สมุทรสาคร,4,1,นายปัญญา ซวนบุญ,ภูมิใจไทย,42758,1UAcq9cPe0JiXj2SHDvRwfs5FdE9DY5ip,https://drive.google.com/file/d/1UAcq9cPe0JiXj2SHDvRwfs5FdE9DY5ip/view
สระบุรี,1,5,นายขุนทอง แสนวิเศษ,ภูมิใจไทย,31958,1O40KsvpJeUat1Mq8PrUccBFfr86r75Fg,https://drive.google.com/file/d/1O40KsvpJeUat1Mq8PrUccBFfr86r75Fg/view
สระบุรี,2,5,นายอรรถพล วงษ์ประยูร,ภูมิใจไทย,37225,1Vy5polRSsWCx8jYyeREMHgvfx_Cwt3sa,https://drive.google.com/file/d/1Vy5polRSsWCx8jYyeREMHgvfx_Cwt3sa/view
สระบุรี,3,5,นายวัชรพงศ์ คูวิจิตรสุวรรณ,ภูมิใจไทย,53967,1QapmNRw8w4bzfrQ_CB4qkKT7FCNGc7rr,https://drive.google.com/file/d/1QapmNRw8w4bzfrQ_CB4qkKT7FCNGc7rr/view
สระบุรี,4,5,นายองอาจ วงษ์ประยูร,กล้าธรรม,48159,1JcfVoWQLajenBCfG04w-Kn-8FLRrn2Cf,https://drive.google.com/file/d/1JcfVoWQLajenBCfG04w-Kn-8FLRrn2Cf/view
สระแก้ว,1,5,นายบดี เทียนทอง,พลังประชารัฐ,56083,1NLlQEXi-J5Luf_X7U7ijgj7uvLLV0Dzf,https://drive.google.com/file/d/1NLlQEXi-J5Luf_X7U7ijgj7uvLLV0Dzf/view
สระแก้ว,2,6,นางสาวตรีนุช เทียนทอง,พลังประชารัฐ,60370,1DZZkTEb26rucS_HBRHdNjq9JCbQoEEix,https://drive.google.com/file/d/1DZZkTEb26rucS_HBRHdNjq9JCbQoEEix/view
สระแก้ว,3,3,นายสุรศักดิ์ ชิงนวรรณ์,กล้าธรรม,38812,1d0dy0W34DwpoxkkaoHCxBhjNmzM5Tc7a,https://drive.google.com/file/d/1d0dy0W34DwpoxkkaoHCxBhjNmzM5Tc7a/view
สิงห์บุรี,1,5,นายโชติวุฒิ ธนาคมานุสรณ์,ภูมิใจไทย,65555,1fLgHLnOMrSOeZrmHzQUJCHqJSdt00WUD,https://drive.google.com/file/d/1fLgHLnOMrSOeZrmHzQUJCHqJSdt00WUD/view
สุพรรณบุรี,1,1,นายสรชัด สุจิตต์,ภูมิใจไทย,63205,1tf02IsGQOGqhIoRVbr-9y26ojk3_4O9o,https://drive.google.com/file/d/1tf02IsGQOGqhIoRVbr-9y26ojk3_4O9o/view
สุพรรณบุรี,2,5,นายณัฐวุฒิ ประเสริฐสุวรรณ,ภูมิใจไทย,45546,15FchFUHH67WHtDomdxYVRWA6iRYZKMma,https://drive.google.com/file/d/15FchFUHH67WHtDomdxYVRWA6iRYZKMma/view
สุพรรณบุรี,3,6,นายณัฐชาติ วงศ์ประเสริฐ,กล้าธรรม,47179,1mTEH4GKPpQmvEbEfuYu6NKMmNuTvI9ZO,https://drive.google.com/file/d/1mTEH4GKPpQmvEbEfuYu6NKMmNuTvI9ZO/view
สุพรรณบุรี,4,5,นายเสมอกัน เที่ยงธรรม,ภูมิใจไทย,58049,1ZMj0v3DuL6rhSUxbvygbgmoBpREuAdVm,https://drive.google.com/file/d/1ZMj0v3DuL6rhSUxbvygbgmoBpREuAdVm/view
สุพรรณบุรี,5,5,นายประภัตร โพธสุธน,ภูมิใจไทย,60036,16e1DEDqct9yrT0xpZXVPFa9ZiVhs8Pqj,https://drive.google.com/file/d/16e1DEDqct9yrT0xpZXVPFa9ZiVhs8Pqj/view
สุราษฎร์ธานี,1,3,นางสาวกานสินี โอภาสรังสรรค์,ภูมิใจไทย,27647,103uWXA1m4lAzundJxupH-uXN4lK4HV1w,https://drive.google.com/file/d/103uWXA1m4lAzundJxupH-uXN4lK4HV1w/view
สุราษฎร์ธานี,2,5,นายพิพิธ รัตนรักษ์,ภูมิใจไทย,27071,1HCbzoJEGZwdsch7aM-BN1kprq7Up-qVx,https://drive.google.com/file/d/1HCbzoJEGZwdsch7aM-BN1kprq7Up-qVx/view
สุราษฎร์ธานี,3,5,นางสาววชิราภรณ์ กาญจนะ,ไทรวมพลัง,39958,12eDMagJqBomfmjsfyNQW8n3jyx8sJV8e,https://drive.google.com/file/d/12eDMagJqBomfmjsfyNQW8n3jyx8sJV8e/view
สุราษฎร์ธานี,4,5,นายสมชาติ ประดิษฐพร,ประชาธิปัตย์,43384,17bYwZgtC0jEVhm0A3ZL5Qy38i4jtcM5L,https://drive.google.com/file/d/17bYwZgtC0jEVhm0A3ZL5Qy38i4jtcM5L/view
สุราษฎร์ธานี,5,5,นายปรเมษฐ์ จินา,กล้าธรรม,30967,144upzyNYghxqebgK1B6PuwOPpxtWyhMz,https://drive.google.com/file/d/144upzyNYghxqebgK1B6PuwOPpxtWyhMz/view
สุราษฎร์ธานี,6,6,นายพิชัย ชมภูพล,ภูมิใจไทย,31707,1ryeYhchULuykEsAyJa3NcRl-av2NJU_z,https://drive.google.com/file/d/1ryeYhchULuykEsAyJa3NcRl-av2NJU_z/view
สุราษฎร์ธานี,7,6,นายพงษ์ศักดิ์ จ่าแก้ว,กล้าธรรม,40358,11mNn16NhTte_VMNGRKY0XY1tWRlqhusd,https://drive.google.com/file/d/11mNn16NhTte_VMNGRKY0XY1tWRlqhusd/view
สุรินทร์,1,5,นางสาวเบญญา มุ่งเจริญพร,ภูมิใจไทย,46167,1ZmESFjKO21sDUhzT7Cmpo3Fotom3adPy,https://drive.google.com/file/d/1ZmESFjKO21sDUhzT7Cmpo3Fotom3adPy/view
สุรินทร์,2,7,นายณัฏฐพล จรัสรพีพงษ์,ภูมิใจไทย,53228,16rtG2IsqSAOKHBFWhLvUnjTrtbpRwmJF,https://drive.google.com/file/d/16rtG2IsqSAOKHBFWhLvUnjTrtbpRwmJF/view
สุรินทร์,3,4,นางสาวผกามาศ เจริญพันธ์,ภูมิใจไทย,50333,115_l6se7XcVnV_wLjRCqxWpiUV3cgRUt,https://drive.google.com/file/d/115_l6se7XcVnV_wLjRCqxWpiUV3cgRUt/view
สุรินทร์,4,7,นางสาวสุรีย์ ธัมมาตร,ภูมิใจไทย,44913,1nB73PxQ4Nceg-M-MOA3P-Rc4C0iEWGtK,https://drive.google.com/file/d/1nB73PxQ4Nceg-M-MOA3P-Rc4C0iEWGtK/view
สุรินทร์,5,4,นายภุชงค์ สุภัควรางกูร,ภูมิใจไทย,41671,1yopGSS6jBpltTXU0UzqBFQyieIwf0x6d,https://drive.google.com/file/d/1yopGSS6jBpltTXU0UzqBFQyieIwf0x6d/view
สุรินทร์,6,4,นายล้ำเลิศ พัวพัฒนโชติ,ภูมิใจไทย,52005,1MKZkJE2rm1UCwX_6rLMvx3ScQNLUZ1lo,https://drive.google.com/file/d/1MKZkJE2rm1UCwX_6rLMvx3ScQNLUZ1lo/view
สุรินทร์,7,4,นายเรืองวิทย์ คูณวัฒนาพงษ์,ภูมิใจไทย,43239,10OBkJjf9pihmZfUFV5is0roGcscblfdC,https://drive.google.com/file/d/10OBkJjf9pihmZfUFV5is0roGcscblfdC/view
สุรินทร์,8,2,นางปทิดา ตันติรัตนานนท์,ภูมิใจไทย,52673,1-L64b43MsUtP0s0wQTwrbg7b5zCHHe2e,https://drive.google.com/file/d/1-L64b43MsUtP0s0wQTwrbg7b5zCHHe2e/view
สุโขทัย,1,5,นางสาวณัคนางค์ กุลนาถศิริ,เพื่อไทย,30925,1226UdRGDFKOmpRf7uzDEKR5ecUb9ssGL,https://drive.google.com/file/d/1226UdRGDFKOmpRf7uzDEKR5ecUb9ssGL/view
สุโขทัย,2,2,นายชูศักดิ์ คีรีมาศทอง,เพื่อไทย,32650,1Ixhj1lsXlNi7jIb7jHsDbRy7ckjiQ0p-,https://drive.google.com/file/d/1Ixhj1lsXlNi7jIb7jHsDbRy7ckjiQ0p-/view
สุโขทัย,3,1,นางสาวประภาพร ทองปากน้ำ,เพื่อไทย,47416,1Fj2mnEa5kJASO5porZgBzbMnK_M5Wp-y,https://drive.google.com/file/d/1Fj2mnEa5kJASO5porZgBzbMnK_M5Wp-y/view
สุโขทัย,4,5,นายสมเจตน์ ลิมปะพันธุ์,ภูมิใจไทย,48293,1xGubpRvmNq6TroMYuuWSvLbR7j_eSPNB,https://drive.google.com/file/d/1xGubpRvmNq6TroMYuuWSvLbR7j_eSPNB/view
หนองคาย,1,4,นายกระแสร์ ตระกูลพรพงศ์,พลังประชารัฐ,30866,1wHWZJl0oCsp8mAR2oF_O1xDYY--m8WAt,https://drive.google.com/file/d/1wHWZJl0oCsp8mAR2oF_O1xDYY--m8WAt/view
หนองคาย,2,3,นายยุทธนา ศรีตะบุตร,พลังประชารัฐ,30322,1bKuaF46ErxZZrQsbrFl-ri35t3SI47Do,https://drive.google.com/file/d/1bKuaF46ErxZZrQsbrFl-ri35t3SI47Do/view
หนองคาย,3,2,นายศักดิ์ดา จันทรสุวรรณ,ภูมิใจไทย,36917,1JDOkP6nW0qNfSg27DBX_7ZzZ4epF6u32,https://drive.google.com/file/d/1JDOkP6nW0qNfSg27DBX_7ZzZ4epF6u32/view
หนองบัวลำภู,1,9,นายชยานันท์ เกตุเมฆ,กล้าธรรม,31594,1q5gsnf_vzJJljLPV_DdE7mKd0SUo1PNM,https://drive.google.com/file/d/1q5gsnf_vzJJljLPV_DdE7mKd0SUo1PNM/view
หนองบัวลำภู,2,3,นายรุ่งเพชร ศรีกาญจนา,เพื่อไทย,36663,1VcPefjA7n3vM81HLF5MeYye_O72OI0MC,https://drive.google.com/file/d/1VcPefjA7n3vM81HLF5MeYye_O72OI0MC/view
หนองบัวลำภู,3,2,นายพรณรงค์ นิลนะมะ,กล้าธรรม,26322,1oZuOEiibgaBlqkPiAqY0S1QUt92adlp1,https://drive.google.com/file/d/1oZuOEiibgaBlqkPiAqY0S1QUt92adlp1/view
อำนาจเจริญ,1,5,นางสุขสมรวย วันทนียกุล,ภูมิใจไทย,44199,1NnhGbJYoLzQArnPxF3PuqTgIgsMnPNAo,https://drive.google.com/file/d/1NnhGbJYoLzQArnPxF3PuqTgIgsMnPNAo/view
อำนาจเจริญ,2,5,นางญาญีนาถ เข็มนาค,ภูมิใจไทย,43016,197MXgI02ZMVRt2hFvLq38jENqHSEcGjO,https://drive.google.com/file/d/197MXgI02ZMVRt2hFvLq38jENqHSEcGjO/view
อุดรธานี,1,5,นายอานันท์ อมรินทร์,ประชาชน,30558,1p3E2sb1lKmg-YI-pUNsb7fZcpoPVu327,https://drive.google.com/file/d/1p3E2sb1lKmg-YI-pUNsb7fZcpoPVu327/view
อุดรธานี,2,1,นางหทัยรัตน์ เพชรพนมพร,เพื่อไทย,29377,1cGikVMKai3Z2GKauU7POitvPJJv7WAbO,https://drive.google.com/file/d/1cGikVMKai3Z2GKauU7POitvPJJv7WAbO/view
อุดรธานี,3,1,นายหรั่ง ธุระพล,ภูมิใจไทย,33013,1ZWF0Dwxt3pkyjSF-lVZulTwVDn_neaqe,https://drive.google.com/file/d/1ZWF0Dwxt3pkyjSF-lVZulTwVDn_neaqe/view
อุดรธานี,4,3,นายไตรภพ คำเพชร,เพื่อไทย,29757,1bIQKMCcqATd6_DTtsNTjL7m-O4zgkTLq,https://drive.google.com/file/d/1bIQKMCcqATd6_DTtsNTjL7m-O4zgkTLq/view
อุดรธานี,5,3,นางบัวเงิน รอดขันเมือง,ภูมิใจไทย,28475,1n4nSf2EOPkS5kv3t5d4sqEQpLBB6j4LH,https://drive.google.com/file/d/1n4nSf2EOPkS5kv3t5d4sqEQpLBB6j4LH/view
อุดรธานี,6,5,นายอดิศักดิ์ แก้วมุงคุณทรัพย์,ภูมิใจไทย,36722,1Sh5Br6y0CQqPk2qn3JTqzCC2PivTtwZR,https://drive.google.com/file/d/1Sh5Br6y0CQqPk2qn3JTqzCC2PivTtwZR/view
อุดรธานี,7,7,นายสุริยา วงศ์อารีย์,ประชาชน,28786,1plokL-FbpOUb8G7367SjzOcJ9Amf2lqL,https://drive.google.com/file/d/1plokL-FbpOUb8G7367SjzOcJ9Amf2lqL/view
อุดรธานี,8,6,นายสุภีรภัทร ภูมิภักดิ์,ภูมิใจไทย,38137,1Tc82r5UT_JNiO0g35d2W1eBFJ8Z2SZQZ,https://drive.google.com/file/d/1Tc82r5UT_JNiO0g35d2W1eBFJ8Z2SZQZ/view
อุดรธานี,9,6,นายวัชระพล ขาวขำ,เพื่อไทย,29522,1oxX6StGYxWsS-l2hUn1RDPuRVJ72hzRz,https://drive.google.com/file/d/1oxX6StGYxWsS-l2hUn1RDPuRVJ72hzRz/view
อุดรธานี,10,5,นางเทียบจุฑา ขาวขำ,เพื่อไทย,31589,1W_sWu5L9XtfgoxH_SLkiWCUiX6u9xGA6,https://drive.google.com/file/d/1W_sWu5L9XtfgoxH_SLkiWCUiX6u9xGA6/view
อุตรดิตถ์,1,2,นายพิชญุตม์ พอจิต,ภูมิใจไทย,37418,1eoZpc_9e7U0bLg1jGo314rzkZuD8WaKT,https://drive.google.com/file/d/1eoZpc_9e7U0bLg1jGo314rzkZuD8WaKT/view
อุตรดิตถ์,2,4,นางสาวรสรินทร์ ศรัณย์เกตุ,โอกาสใหม่,31560,1C7X-Mz5lTfrrSMmgrA95MDVFTbyYrh_-,https://drive.google.com/file/d/1C7X-Mz5lTfrrSMmgrA95MDVFTbyYrh_-/view
อุตรดิตถ์,3,1,นายรวี เล็กอุทัย,เพื่อไทย,40926,17fxNWUXlFexgUa6uHLjXni14-P5CwA-o,https://drive.google.com/file/d/17fxNWUXlFexgUa6uHLjXni14-P5CwA-o/view
อุทัยธานี,1,2,นายเจเศรษฐ์ ไทยเศรษฐ์,ภูมิใจไทย,56483,1yt7uv22Wmn9YXeQoH-dtv_y05tX_lVl7,https://drive.google.com/file/d/1yt7uv22Wmn9YXeQoH-dtv_y05tX_lVl7/view
อุทัยธานี,2,2,นายชาดา ไทยเศรษฐ์,ภูมิใจไทย,54284,1loTk_MIZRBB7Swmks-8gycWg9wFJE7jh,https://drive.google.com/file/d/1loTk_MIZRBB7Swmks-8gycWg9wFJE7jh/view
อุบลราชธานี,1,2,นายวรสิทธิ์ กัลป์ตินันท์,เพื่อไทย,32328,1dSPVtLDJgCtYucK2orDqxQnJITODrR7C,https://drive.google.com/file/d/1dSPVtLDJgCtYucK2orDqxQnJITODrR7C/view
อุบลราชธานี,2,5,นายณรงค์ชัย วีระกุล,ไทรวมพลัง,36198,1QSSxGpOHtr6a5HZEL6rrZsYAhMww3-1q,https://drive.google.com/file/d/1QSSxGpOHtr6a5HZEL6rrZsYAhMww3-1q/view
อุบลราชธานี,3,1,นางพิมพกาญจน์ พลสมัคร,ไทรวมพลัง,43632,1mpFKiJHanR1Ki9XuN4iEll7Yvd-dZDOA,https://drive.google.com/file/d/1mpFKiJHanR1Ki9XuN4iEll7Yvd-dZDOA/view
อุบลราชธานี,4,1,นางสาวกิตติ์ธัญญา วาจาดี,เพื่อไทย,37794,1jKNutjc5H2QjZZ6hUcVobzxzyMhu5YBr,https://drive.google.com/file/d/1jKNutjc5H2QjZZ6hUcVobzxzyMhu5YBr/view
อุบลราชธานี,5,2,นายสุทธิชัย จรูญเนตร,ภูมิใจไทย,52151,1IKvagw5tvQeIvaX9ASyRHxiTuxeOLkHs,https://drive.google.com/file/d/1IKvagw5tvQeIvaX9ASyRHxiTuxeOLkHs/view
อุบลราชธานี,6,3,นางสาวธัญธารีย์ สันตพันธุ์,เพื่อไทย,33345,1Z_QOQH32AmWyD0y8Ez8ite_RVwTbbDIH,https://drive.google.com/file/d/1Z_QOQH32AmWyD0y8Ez8ite_RVwTbbDIH/view
อุบลราชธานี,7,1,นางสาวสุดารัตน์ พิทักษ์พรพัลลภ,ภูมิใจไทย,45003,1mGwCYpBxpM13Oe_muoULjILqi1-vcGAi,https://drive.google.com/file/d/1mGwCYpBxpM13Oe_muoULjILqi1-vcGAi/view
อุบลราชธานี,8,3,นางสาวแนน บุณย์ธิดา สมชัย,ภูมิใจไทย,36651,119OJB8Q4oIy7IpXeWXiPhqXTHHMJ2oNZ,https://drive.google.com/file/d/119OJB8Q4oIy7IpXeWXiPhqXTHHMJ2oNZ/view
อุบลราชธานี,9,3,นางจิตรวรรณ หวังศุภกิจโกศล,ไทรวมพลัง,42832,1CWKYI3KRsdsbbXfnr02JBIUenZy3AbGx,https://drive.google.com/file/d/1CWKYI3KRsdsbbXfnr02JBIUenZy3AbGx/view
อุบลราชธานี,10,2,นายสมศักดิ์ บุญประชม,ไทรวมพลัง,66909,1HwowBa3IdLVeYLtiujW3VYRMUISzkzRa,https://drive.google.com/file/d/1HwowBa3IdLVeYLtiujW3VYRMUISzkzRa/view
อุบลราชธานี,11,3,นางสาวตวงทิพย์ จินตะเวช,ภูมิใจไทย,58379,1fQDJE4c36YceNACPw0aaswUgSdv3X4zc,https://drive.google.com/file/d/1fQDJE4c36YceNACPw0aaswUgSdv3X4zc/view
อ่างทอง,1,4,นายภราดร ปริศนานันทกุล,ภูมิใจไทย,56130,1Txf4uKZX7T9FNgkVhp_UN5UAwZ-fCf3N,https://drive.google.com/file/d/1Txf4uKZX7T9FNgkVhp_UN5UAwZ-fCf3N/view
อ่างทอง,2,2,นายกรวีร์ ปริศนานันทกุล,ภูมิใจไทย,60611,1ji_kd6b3ETWy-Q-7UgbEMiDRMaYml3AA,https://drive.google.com/file/d/1ji_kd6b3ETWy-Q-7UgbEMiDRMaYml3AA/view
เชียงราย,1,7,นายธนรัช จงสุทธานามณี,เพื่อไทย,44084,1jQKVr5f340tAWgOlMCH_NRDeAfi0X2Oz,https://drive.google.com/file/d/1jQKVr5f340tAWgOlMCH_NRDeAfi0X2Oz/view
เชียงราย,2,2,นางสาวปิยะรัฐชย์ ติยะไพรัช,เพื่อไทย,34901,1b9HrzIznfnXfCITbgKJxhr28nfc8Z5SV,https://drive.google.com/file/d/1b9HrzIznfnXfCITbgKJxhr28nfc8Z5SV/view
เชียงราย,3,3,นายพิทักษ์ แสงคำ,กล้าธรรม,34046,1q5PAvVu5uBRuxlO7IrYT7eKuaXfHxr2A,https://drive.google.com/file/d/1q5PAvVu5uBRuxlO7IrYT7eKuaXfHxr2A/view
เชียงราย,4,1,นายสุรสิทธิ์ เจียมวิจักษณ์,กล้าธรรม,34210,1tcGbhJ1X-M6iup6N8HVFouk9UlFM8ofD,https://drive.google.com/file/d/1tcGbhJ1X-M6iup6N8HVFouk9UlFM8ofD/view
เชียงราย,5,2,นายรังสรรค์ วันไชยธนวงศ์,ภูมิใจไทย,53198,1Kb8ql_MqEHAS9VJevXvBIWg4hz-1gTA6,https://drive.google.com/file/d/1Kb8ql_MqEHAS9VJevXvBIWg4hz-1gTA6/view
เชียงราย,6,7,นางมลธิชา ไชยบาล,กล้าธรรม,28526,1eYovEvqkmUziQeMYO3Ce370rkRbnK1ck,https://drive.google.com/file/d/1eYovEvqkmUziQeMYO3Ce370rkRbnK1ck/view
เชียงราย,7,6,นายสุธีระพงษ์ วันไชยธนวงศ์,กล้าธรรม,33398,1sk0nGrprl5Fy6Kyz5o_R6NlE24eZyMYr,https://drive.google.com/file/d/1sk0nGrprl5Fy6Kyz5o_R6NlE24eZyMYr/view
เชียงใหม่,1,2,นางสาวเพชรรัตน์ ใหม่ชมภู,ประชาชน,47840,1NfltwwsfkpUzTIus-V2VMhCpOtuNiCQg,https://drive.google.com/file/d/1NfltwwsfkpUzTIus-V2VMhCpOtuNiCQg/view
เชียงใหม่,2,8,นางสาวการณิก จันทดา,ประชาชน,51532,1vigT9_1NkWdalV0B_sIM-8mGvQuwYJeE,https://drive.google.com/file/d/1vigT9_1NkWdalV0B_sIM-8mGvQuwYJeE/view
เชียงใหม่,3,5,นายณัฐพล โตวิจักษณ์ชัยกุล,ประชาชน,49235,1cesVQQS5tzwyRw67_TOchEINSZc-XDmU,https://drive.google.com/file/d/1cesVQQS5tzwyRw67_TOchEINSZc-XDmU/view
เชียงใหม่,4,6,นางสาวพุธิตา ชัยอนันต์,ประชาชน,49641,1zDtsVfHjSf0YNFOSme4nbwrtsWIEXh8T,https://drive.google.com/file/d/1zDtsVfHjSf0YNFOSme4nbwrtsWIEXh8T/view
เชียงใหม่,5,9,นายสมชิด กันธะยา,ประชาชน,39120,1t8yXQusEHiZsjKMuXCO57inx6QIL6_at,https://drive.google.com/file/d/1t8yXQusEHiZsjKMuXCO57inx6QIL6_at/view
เชียงใหม่,6,1,นางสาวสุภานันท์ ปัญญาทิพย์,กล้าธรรม,33043,1JvmnPF8_XFcEB6f3_LxbwJCpH6tSp3NH,https://drive.google.com/file/d/1JvmnPF8_XFcEB6f3_LxbwJCpH6tSp3NH/view
เชียงใหม่,7,5,นายการุณย์ คูเจริญชัยกุล,กล้าธรรม,33492,1uLxueBYkqgDSlk5yHQtZZHl_aT6y7DYP,https://drive.google.com/file/d/1uLxueBYkqgDSlk5yHQtZZHl_aT6y7DYP/view
เชียงใหม่,8,4,นายภัทรพงษ์ ลีลาภัทร์,ประชาชน,57851,16d1IgdQOblkVnN4_SN-lhbINOvEpVRrG,https://drive.google.com/file/d/16d1IgdQOblkVnN4_SN-lhbINOvEpVRrG/view
เชียงใหม่,9,5,นายนเรศ ธำรงค์ทิพยคุณ,กล้าธรรม,43388,1hYu4oeY9gLJTuFOBSezt3kNN3icbN4-s,https://drive.google.com/file/d/1hYu4oeY9gLJTuFOBSezt3kNN3icbN4-s/view
เชียงใหม่,10,4,นายนรพล ตันติมนตรี,กล้าธรรม,34102,1RTbS10G-mtAKMiHpBZSAE1LoQm0YynCM,https://drive.google.com/file/d/1RTbS10G-mtAKMiHpBZSAE1LoQm0YynCM/view
เพชรบุรี,1,3,นางธิวัลรัตน์ อังกินันทน์,ภูมิใจไทย,61734,1EI9887TGZoFqr50n4u3HmuqAF7WaAu0D,https://drive.google.com/file/d/1EI9887TGZoFqr50n4u3HmuqAF7WaAu0D/view
เพชรบุรี,2,5,นายฤกษ์ อยู่ดี,ภูมิใจไทย,67251,1NGaEBjRJv8lvYeZKoknxbD6-rYvknfxe,https://drive.google.com/file/d/1NGaEBjRJv8lvYeZKoknxbD6-rYvknfxe/view
เพชรบุรี,3,5,จ่าอากาศเอก อภิชาติ แก้วโกศล,ภูมิใจไทย,71153,1M04XZTLYM6ULWFw9MbjVxMXdsoMnHV8M,https://drive.google.com/file/d/1M04XZTLYM6ULWFw9MbjVxMXdsoMnHV8M/view
เพชรบูรณ์,1,1,นางสาวพิมพ์พร พรพฤฒิพันธุ์,ภูมิใจไทย,50631,1LGCrDyvdfyBDnWMYL-oTCzcOReHdZFmC,https://drive.google.com/file/d/1LGCrDyvdfyBDnWMYL-oTCzcOReHdZFmC/view
เพชรบูรณ์,2,4,นายยุพราช บัวอินทร์,ภูมิใจไทย,41515,1dWgmLq-ia5JUDaAXg5hIdzIeiePab88u,https://drive.google.com/file/d/1dWgmLq-ia5JUDaAXg5hIdzIeiePab88u/view
เพชรบูรณ์,3,2,นายบุญชัย กิตติธราทรัพย์,ภูมิใจไทย,39652,11HWjt6pjtq4P-jAaFpTtNs8I7HJafpww,https://drive.google.com/file/d/11HWjt6pjtq4P-jAaFpTtNs8I7HJafpww/view
เพชรบูรณ์,4,7,นายวรโชติ สุคนธ์ขจร,ภูมิใจไทย,48590,1gF0ROpGLDxaZDHRLxNbDEruFusxou2Ds,https://drive.google.com/file/d/1gF0ROpGLDxaZDHRLxNbDEruFusxou2Ds/view
เพชรบูรณ์,5,2,นางวันเพ็ญ พร้อมพัฒน์,ภูมิใจไทย,45747,1z7kTV5-MThELHJ5xTQAjoYNhX33mYdvZ,https://drive.google.com/file/d/1z7kTV5-MThELHJ5xTQAjoYNhX33mYdvZ/view
เพชรบูรณ์,6,3,นายอัคร ทองใจสด,ภูมิใจไทย,59008,1aTEh5aWbXdG71qMiI3vPbUkFmUuY5Hyc,https://drive.google.com/file/d/1aTEh5aWbXdG71qMiI3vPbUkFmUuY5Hyc/view
เลย,1,7,นายเลิศศักดิ์ พัฒนชัยกุล,เพื่อไทย,42730,1x2AwATGArlDIOrC37HowKeS18mxQmc72,https://drive.google.com/file/d/1x2AwATGArlDIOrC37HowKeS18mxQmc72/view
เลย,2,2,นายศรัณย์ ทิมสุวรรณ,เพื่อไทย,27956,1ldab7T4v1h_usKrIevE3KijPEyKOGfhZ,https://drive.google.com/file/d/1ldab7T4v1h_usKrIevE3KijPEyKOGfhZ/view
เลย,3,3,นายธนยศ ทิมสุวรรณ,ภูมิใจไทย,51525,1UxFG7DxJie41YkoowFYFMsMIXMZmexMV,https://drive.google.com/file/d/1UxFG7DxJie41YkoowFYFMsMIXMZmexMV/view
เลย,4,4,นายสมเจตน์ แสงเจริญรัตน์,เพื่อไทย,30145,1v6jcjqV3hDXHRPF7a1R69TR-dfqWlhXv,https://drive.google.com/file/d/1v6jcjqV3hDXHRPF7a1R69TR-dfqWlhXv/view
แพร่,1,1,นางสาวชนกนันท์ ศุภศิริ,ภูมิใจไทย,40738,1qVlGJ7z6NPpnhENmbbX1P35ONMmAND9J,https://drive.google.com/file/d/1qVlGJ7z6NPpnhENmbbX1P35ONMmAND9J/view
แพร่,2,1,นายชนาธิป ศุภศิริ,ภูมิใจไทย,54734,1reA32jkBZhUffsyGWV5vtxdWv3MnFyuR,https://drive.google.com/file/d/1reA32jkBZhUffsyGWV5vtxdWv3MnFyuR/view
แพร่,3,4,นางสาวลักษณารีย์ ดวงตาดำ,ประชาชน,23987,1KZRcozKLgetyfmsH6eEr-rjTudQf25Se,https://drive.google.com/file/d/1KZRcozKLgetyfmsH6eEr-rjTudQf25Se/view
แม่ฮ่องสอน,1,2,นายปกรณ์ จีนาคำ,กล้าธรรม,35870,1W_Uykn4Fz6rlkT4dHRtfKwv_7MSyW1sk,https://drive.google.com/file/d/1W_Uykn4Fz6rlkT4dHRtfKwv_7MSyW1sk/view
แม่ฮ่องสอน,2,5,นายสมบัติ ยะสินธุ์,ภูมิใจไทย,24897,1M8gDiChYCLY4LrBR_14GMaI5zHY25Q8o,https://drive.google.com/file/d/1M8gDiChYCLY4LrBR_14GMaI5zHY25Q8o/view
