province,district_number,form_type,drive_id,valid_current,valid_killernay,diff_key_count,abs_delta_sum,sample
ลำพูน,1,party_list,1AkJzuHWSmK3-bPq5deKnklN89snUSdw-,127949,127727,54,228886,3:499->None | 4:471->499 | 5:519->471 | 6:1949->519 | 7:208->1949 | 8:1772->208 | 9:30632->1772 | 10:482->30632
กรุงเทพมหานคร,12,party_list,17kN56fpRgdAKLnClJxTKRA74idHwxMCV,106754,106754,57,202540,1:48->None | 2:215->48 | 3:49->215 | 4:29->49 | 5:103->29 | 6:2247->103 | 7:153->2247 | 8:205->153
ลพบุรี,2,party_list,1ruW-cM8Fp3I6HkHN6HRpb11GnVwbWhT4,107859,107859,58,189328,1:573->None | 2:1611->573 | 3:3447->1611 | 4:254->3447 | 5:2562->254 | 6:2614->2562 | 7:156->2614 | 8:687->156
นครศรีธรรมราช,4,party_list,1K6p_C5Mi2HvzK0lJjt28-W9LeGLRM8r1,98120,98120,57,183563,1:165->None | 2:1371->165 | 3:150->1371 | 4:203->150 | 5:982->203 | 6:989->982 | 7:113->989 | 8:875->113
กรุงเทพมหานคร,19,party_list,18CoxX7jIOV3Oo-m5jqj6FEvkPsSQ25UF,95000,95000,58,180347,1:260->None | 2:247->260 | 3:71->247 | 4:61->71 | 5:225->61 | 6:2432->225 | 7:138->2432 | 8:221->138
กรุงเทพมหานคร,5,party_list,17KQ-MXVGSeRLj_TGp1R6zwTBBG_TKfOd,92886,92873,57,177871,1:19->0 | 2:145->19 | 3:56->145 | 4:210->56 | 5:102->210 | 6:2239->102 | 7:108->2239 | 8:192->108
ปทุมธานี,1,party_list,1x6OLPl6XWbe-5YuZTBUV0cvub7Mpx2_G,95730,95730,57,173059,1:208->None | 2:3344->208 | 3:1336->3344 | 4:365->1336 | 5:501->365 | 6:2320->501 | 7:170->2320 | 8:435->170
สงขลา,1,party_list,1bJ-iKJ0H6IT_cJ1QvWOfVu6ycokoOOAg,90673,90673,58,171746,1:137->None | 2:1342->137 | 3:128->1342 | 4:232->128 | 5:165->232 | 6:1773->165 | 7:70->1773 | 8:963->70
นครศรีธรรมราช,3,party_list,1PhnT2OE5eS0sQwJg4IUGgJtZVx01--MI,93454,90436,55,170981,1:1152->None | 2:263->1152 | 3:83->263 | 4:41->83 | 5:165->41 | 8:1868->219 | 9:985->1284 | 10:219->195
เชียงราย,2,party_list,1CgYBct2TonrVrvzzAdwQ24_B07hcmPLX,91960,91960,58,169470,1:313->None | 2:4529->313 | 3:311->4529 | 4:1867->311 | 5:364->1867 | 6:1528->364 | 7:155->1528 | 8:251->155
สตูล,2,party_list,1C8Pi5_EoX5VwrgKwN2KsDNxAgu5rmfFB,92747,92747,58,168340,1:303->None | 2:1001->303 | 3:465->1001 | 4:1242->465 | 5:456->1242 | 6:1064->456 | 7:140->1064 | 8:1249->140
นครราชสีมา,10,party_list,1lUcGZjwlQ-1n3osX8Bq98g1spydLs_qE,101587,100890,51,165755,5:1194->1174 | 8:677->17715 | 9:17715->541 | 10:541->6436 | 11:6436->572 | 12:572->623 | 13:623->53 | 14:53->139
เชียงใหม่,5,party_list,13v3hfBdvYyH5DEi2oyBlMk01294puZa8,93381,93274,57,165703,1:3713->0 | 2:1360->3713 | 3:340->1360 | 4:286->340 | 5:520->286 | 6:1629->520 | 7:199->1629 | 8:391->199
ปทุมธานี,3,party_list,1j1D6l7OS5yCdihytN-KJ8TMd8hchb80a,88780,88780,57,165579,1:121->0 | 2:494->121 | 3:992->494 | 4:69->992 | 5:308->69 | 6:1919->308 | 7:254->1919 | 8:383->254
ระนอง,1,party_list,1xXzor-H72rpw5DDzUR-iS-A_Tw8dQGa6,89474,89474,58,164406,1:289->None | 2:616->289 | 3:184->616 | 4:1028->184 | 5:333->1028 | 6:1625->333 | 7:80->1625 | 8:1148->80
นนทบุรี,4,party_list,1Ho5KU26FoIy5HN3FD9LBlNogb_aSJulo,88001,88001,57,163812,1:71->None | 2:449->71 | 3:75->449 | 4:88->75 | 5:693->88 | 6:2232->693 | 7:676->2232 | 8:310->676
ปทุมธานี,6,party_list,1Ms1yyy1gni07eyLFdbbByen8n3nvO8E7,87165,87165,57,163076,1:58->None | 2:374->58 | 3:419->374 | 4:614->419 | 5:182->614 | 6:2167->182 | 7:117->2167 | 8:378->117
ยะลา,2,party_list,1j4ViMZ15Bzpu3SiRmGsNYQR1kKTd3TCP,88810,88810,58,162207,1:461->0 | 2:757->461 | 3:1856->0 | 4:826->757 | 5:363->1856 | 6:510->826 | 7:1772->363 | 8:473->510
มหาสารคาม,6,party_list,1kxoESaaABDMAr6Y7TdVhSbfCUA2zUWlr,85988,85988,58,154544,1:1595->None | 2:1449->1595 | 3:251->1449 | 4:1374->251 | 5:460->1374 | 6:915->460 | 7:92->915 | 8:381->92
เชียงราย,7,party_list,1zV7htOTRpIS9aiXfAFIIXzycjFD1Dlng,88463,88463,58,154431,1:493->None | 2:1751->493 | 3:492->1751 | 4:203->492 | 5:425->203 | 6:3426->425 | 7:389->3426 | 8:2019->389
ศรีสะเกษ,9,party_list,17CgwBdZF7riWFrYXvVwgVVvnUAmZDN-Z,87485,87485,58,153481,1:535->None | 2:4094->535 | 3:268->4094 | 4:114->268 | 5:466->114 | 6:732->466 | 7:66->732 | 8:375->66
ราชบุรี,2,party_list,1JmcbH78MSkmA4oM5BK1g2m9cbRWrTvn_,89744,89645,57,152891,1:1010->0 | 2:2331->1010 | 3:711->2331 | 4:3242->711 | 5:982->3242 | 6:3115->982 | 7:140->3115 | 8:770->140
กาญจนบุรี,1,party_list,1yRM9zPUd9rmohcr_ZmduvqRP9vnryJo5,86461,86461,57,149193,1:568->None | 2:1459->568 | 3:283->1459 | 4:267->283 | 5:3076->267 | 6:3710->3076 | 7:190->3710 | 8:723->190
ชลบุรี,10,party_list,19CqLtI8295pA-t9gZ8JoEvN5pzSDsNfO,82021,82021,58,148613,1:93->None | 2:1670->93 | 3:232->1670 | 4:91->232 | 5:675->91 | 6:2517->675 | 7:812->2517 | 8:329->812
ปราจีนบุรี,3,party_list,1Y9pZ76pSpv19tY_Z6pHo_ArL8M7FPkMC,84893,84893,57,147231,1:1015->None | 2:5858->1015 | 3:992->5858 | 4:338->992 | 5:804->338 | 6:1712->804 | 7:125->1712 | 8:630->125
กรุงเทพมหานคร,22,constituency,1RkVRmdFKVTydfk9vDV5_h8C6h41iSa50,85558,85558,14,145882,1:786->42264 | 2:368->17486 | 3:1705->9244 | 4:425->7036 | 5:9244->2983 | 6:42264->1705 | 7:7036->1491 | 8:17486->1130
นครปฐม,3,party_list,1JIM7_8xeyGmJfDlDfPovZWY_jG817FmD,82640,82066,56,144152,1:655->0 | 2:1425->655 | 3:434->1425 | 4:513->434 | 5:703->53 | 6:5172->703 | 7:377->5172 | 8:572->377
ระยอง,5,party_list,1f8NF-Uxob31qvqjP_N8ww8Ky6LzH1CWH,83541,83541,51,144084,8:487->None | 9:6141->487 | 10:426->6141 | 11:3122->426 | 12:504->3122 | 13:525->504 | 14:24->525 | 15:55->24
นครราชสีมา,4,party_list,11CPiXk5I-7dDEyeFCQ92DxwRMN5kgP4_,85195,85195,58,144005,1:420->0 | 2:1853->420 | 3:1085->1853 | 4:2642->1085 | 5:1924->2642 | 6:1981->1924 | 7:134->1981 | 8:388->134
สมุทรสาคร,2,party_list,1nR5i7rXve5ehGRbKboHMDoawzVWxFc79,79368,79368,58,143014,1:2229->0 | 2:1224->2229 | 3:264->1224 | 4:365->264 | 5:549->365 | 6:2011->549 | 7:72->2011 | 8:463->72
อุดรธานี,2,party_list,1c6t7BvydrgeNXDh87FjGqNJBtOFPBBS8,82886,82886,59,142016,1:2600->None | 2:1390->2600 | 3:251->None | 4:85->1390 | 5:425->251 | 6:1398->85 | 7:1195->425 | 8:277->1398
กาฬสินธุ์,1,party_list,1VKae75PH9ewqe33kglXKzZdZQf1t2dJo,82880,83229,57,141297,1:978->None | 2:1752->978 | 3:446->1752 | 4:196->446 | 5:721->196 | 6:3203->721 | 7:1352->3203 | 8:558->1352
นครสวรรค์,6,party_list,1487ZDm0vUn3rkEALvhKUvTHsIAStHHY-,81637,81637,58,140134,1:697->0 | 2:4539->697 | 3:686->4539 | 4:319->686 | 5:3935->319 | 6:1420->3935 | 7:114->1420 | 8:710->114
ปราจีนบุรี,1,party_list,1TAXGRGeK1vt5KXaiUbzwaxxkin1nPHuH,84899,84852,55,139805,1:2250->0 | 2:2244->2250 | 3:481->0 | 4:468->2244 | 5:796->481 | 6:2466->468 | 7:98->796 | 8:450->2466
ขอนแก่น,7,party_list,1GDCFtiEf56CaCcxbXLTodwrzB97ecoxJ,83257,83257,58,138939,1:967->None | 2:1814->967 | 3:2144->1814 | 4:2034->2144 | 5:733->2034 | 6:1369->733 | 7:138->1369 | 8:352->138
ขอนแก่น,11,party_list,1aGWSG4Edoqrjz2etRM7Rh8cYErpCKdu2,76425,76425,58,137788,1:299->None | 2:2358->299 | 3:470->2358 | 4:178->470 | 5:499->178 | 6:2950->499 | 7:112->2950 | 8:409->112
เชียงราย,6,party_list,1JRMFDXP32gdC5_vUSbC12xESm6NkclUt,78227,78227,58,135989,1:1064->None | 2:1028->1064 | 3:290->1028 | 4:1390->290 | 5:354->1390 | 6:1053->354 | 7:2027->1053 | 8:322->2027
บุรีรัมย์,7,party_list,14k8HNVhR8NQR__ZnqKQVDDD2ArERTIoD,74639,74612,54,135714,1:331->None | 2:687->331 | 3:934->687 | 4:115->934 | 5:2574->115 | 6:695->2574 | 7:107->695 | 8:575->107
มหาสารคาม,2,party_list,1AiiMtfBB4NfGeLTaTMOpIGBwBbD4KGKf,77478,77478,58,134578,1:661->None | 2:1295->661 | 3:321->1295 | 4:1304->321 | 5:3191->1304 | 6:946->3191 | 7:110->946 | 8:747->110
บุรีรัมย์,3,party_list,12Kk-pYjHfGoQF1_0nkHtKS5uASWyRTcx,72834,72779,55,133279,1:1984->None | 2:538->1984 | 3:177->538 | 4:59->177 | 5:373->59 | 6:650->373 | 7:100->650 | 8:602->100
น่าน,3,party_list,1MFSF9N2MlPn1zgS_DDvrtE0KIYRgzmAj,81284,81152,55,128634,1:2239->0 | 2:2670->2239 | 3:1254->2670 | 4:627->1254 | 5:575->627 | 6:1096->575 | 7:454->1096 | 9:18897->454
สงขลา,6,constituency,1tUmMiPqijb00ChBZJS2ZJboGoaxRCGhV,88960,88960,4,127144,1:9865->48391 | 2:705->25751 | 3:48391->9865 | 6:25751->705
อุตรดิตถ์,2,party_list,1fx1cHJBn41Py_WC7uxiwqTsRQnR4O50j,74563,74563,58,124309,1:756->None | 2:1335->756 | 3:526->1335 | 4:2979->526 | 5:1776->2979 | 6:1356->1776 | 7:129->1356 | 8:366->129
นครราชสีมา,13,party_list,1aqb4gW7J2F7hpIeDGqbcitGTlzMFJzD7,69798,68713,54,117338,1:511->2235 | 3:267->2241 | 4:296->341 | 5:2235->468 | 6:2241->16963 | 7:341->267 | 8:468->296 | 9:16963->383
สุพรรณบุรี,4,constituency,1ZMj0v3DuL6rhSUxbvygbgmoBpREuAdVm,90996,90996,6,113774,1:2547->58049 | 4:1556->2547 | 5:58049->1659 | 6:1254->1648 | 7:1659->1556 | 8:1648->1254
นครราชสีมา,10,constituency,1jNUzIezyu3kvIqF08M0zw7TF9Fl3f8dH,104308,104308,7,113414,1:1050->43185 | 2:43185->37863 | 3:1261->15343 | 4:15343->4824 | 5:4824->1261 | 6:560->1050 | 7:37863->560
ราชบุรี,4,constituency,1DtCvEB76l9hvEVVfNJms6UrhCTwE5bp6,107579,107579,3,110304,1:626->55778 | 3:55778->20627 | 7:20627->626
ราชบุรี,1,constituency,1mV5J7Fx33Lo8JuQvFzflLbJdhPK-2-Bw,97874,97874,4,109042,1:28931->56407 | 2:7671->28931 | 3:1886->7671 | 4:56407->1886
ฉะเชิงเทรา,2,party_list,1SJzm-Uul8xxJXCoFfGWhxlOFf1pULfYP,107806,107899,19,107049,9:17413->17513 | 33:632->0 | 34:214->632 | 35:206->214 | 36:154->206 | 37:14684->154 | 38:237->14684 | 39:98->237
สตูล,1,party_list,1HiHbB6MHWusDB87ONAvzTdMB84wX9uQK,81811,81735,38,103064,1:348->None | 2:554->348 | 3:1491->554 | 4:232->1491 | 5:316->232 | 6:1055->316 | 7:861->1055 | 8:878->861
นครปฐม,4,constituency,1mxgffucPuVzy0un7RN1s_jO5XatI0Vvc,97930,97930,7,102627,1:1977->50336 | 3:3798->None | 5:363->3798 | 6:1067->2304 | 7:2304->1977 | 8:50336->1067 | 9:None->363
ชัยภูมิ,5,constituency,125RIB2Ciq737IO4Ckk0nWl9b_Kp5HbTs,85450,85450,10,98158,1:719->29851 | 3:448->19605 | 4:19605->9294 | 5:29851->719 | 6:9294->711 | 7:233->646 | 8:71->448 | 9:646->278
ขอนแก่น,11,constituency,1wwIP0vHZhfxPATiI8EDPkIqNsiWgSqPx,76313,76313,4,96968,1:732->48810 | 5:326->732 | 6:48810->403 | 7:403->326
นนทบุรี,3,party_list,1GeJeOFXCxU7a9ptjWupuCXce-Lw7hLes,100706,101296,4,95644,43:554->47712 | 45:42->554 | 46:47712->185 | 47:185->632
กำแพงเพชร,2,party_list,1UBIvrN7C6fYxebLeRlbVRrQRVMVyhMHp,94653,94387,39,92858,1:3302->None | 2:2350->3302 | 3:3972->2350 | 4:361->3972 | 5:678->361 | 6:1935->678 | 7:287->1935 | 8:859->287
เพชรบูรณ์,6,constituency,1aTEh5aWbXdG71qMiI3vPbUkFmUuY5Hyc,81129,81129,2,89410,3:59008->14303 | 4:14303->59008
ยะลา,2,constituency,1SDuAZiMZIuPM9ZgUQg4IzIo69wu6PBzR,87642,87642,4,87824,1:3060->9570 | 3:24226->46972 | 6:9570->24226 | 7:46972->3060
สมุทรปราการ,7,constituency,1LY1z90KeXVtulZIaWuhs23JiYcDdbL6D,97691,97691,3,87498,1:28922->46394 | 8:46394->2645 | 9:2645->28922
เชียงใหม่,3,party_list,1qR-n-gNZNsHVYe8G2qXHo0hdB4xNVBqG,102183,101906,38,87422,1:427->None | 2:699->427 | 3:252->699 | 4:253->252 | 5:780->253 | 6:1232->780 | 7:153->1232 | 8:1434->153
ชลบุรี,3,constituency,1N8A5d2vxjIe02yGKOsMB0Yx76-NcJ6z5,90301,90301,5,83454,1:37164->42501 | 2:42501->774 | 5:3641->None | 6:774->37164 | 8:None->3641
ปทุมธานี,8,constituency,18PzDR_JEhyWuy9k7NEnzGJ7cjwIWaTo9,85346,85346,4,82819,1:663->42730 | 3:42730->1978 | 8:1978->None | 9:None->663
นนทบุรี,1,constituency,1oJwJto4YpUhJSSYzM2eXhAUGQR0uerju,93883,93883,4,82664,1:19861->42123 | 3:791->19861 | 8:42123->1184 | 9:1184->791
นครราชสีมา,2,constituency,1ec3vCReFnYuwI7VXcn4CMfRmA9DNKSbC,96710,96710,4,81838,1:652->39980 | 3:1432->3023 | 8:39980->1432 | 9:3023->652
ปทุมธานี,6,constituency,13wfIUFLrPX_mzouu3s_EpcYiNVqxDYX7,84382,84382,3,81334,1:2017->42684 | 8:42684->2767 | 9:2767->2017
น่าน,2,constituency,1WHuT1oRCirzYuc8dNTOa_gKOxWxXGaW9,90486,90486,9,77612,1:28888->38228 | 2:953->28888 | 3:38228->14002 | 4:1784->2332 | 5:14002->1982 | 6:2332->1784 | 7:667->1650 | 8:1982->953
ชลบุรี,2,party_list,1fFegyikuWkk4jnavpt1-dCK-CkokPu1M,79159,78427,40,76392,1:188->None | 2:430->188 | 3:1002->None | 4:62->430 | 5:722->1002 | 6:2049->62 | 8:458->2049 | 9:4591->458
ปัตตานี,3,party_list,1CtqsjgpZ4lNgP7ncszLiwfKg9AG8ZOIk,65313,64794,30,74981,1:311->0 | 2:696->311 | 3:570->696 | 4:2112->570 | 5:468->2112 | 13:494->0 | 14:68->494 | 15:67->68
พระนครศรีอยุธยา,1,constituency,1g-heXBZ62vHn6dtlnmOdG5g_j8DWoocq,97550,97550,3,74018,3:37335->326 | 7:3557->37335 | 8:326->3557
สมุทรปราการ,2,constituency,1dulP7mHU8b61ehkXxbpk-88z5-VJoBAY,89135,89135,5,72252,1:668->7905 | 3:7905->559 | 4:559->2957 | 5:2957->29448 | 8:29448->668
ร้อยเอ็ด,3,constituency,1CaNwnljRO2p3_KjM2ADWv14BsbziIFdX,81733,81733,4,71238,1:1488->35999 | 3:35999->1488 | 8:237->1345 | 9:1345->237
กรุงเทพมหานคร,3,constituency,1mRmRW0mCj0-cGmv7gqfBvCbRLLHe7zkS,76775,76775,10,71210,1:665->1430 | 2:6665->34653 | 4:571->375 | 5:545->235 | 7:489->665 | 8:375->571 | 9:34653->545 | 10:185->6665
นครศรีธรรมราช,9,constituency,13_mKJmJ2x87ACjsxE9eq7368SUMQTfV6,96071,96071,2,70952,1:1060->36536 | 3:36536->1060
นครราชสีมา,3,constituency,1twC5qDcxqJD1-jKRgvuPNOE4z72CNSQJ,92622,92622,2,70816,1:1992->37400 | 3:37400->1992
ชัยนาท,1,constituency,1oHtsiTENlPEIJmvbmOechAuSmkXxysUp,80770,80770,2,69548,1:1284->36058 | 3:36058->1284
นครราชสีมา,15,party_list,1ANq39EuBPU1dpnDnfrvSgukgzeMoeUst,92072,92036,19,68906,1:1837->0 | 2:4281->1837 | 3:466->4281 | 4:500->466 | 5:3653->500 | 6:1234->3653 | 7:146->1234 | 8:470->146
นครพนม,2,constituency,1eUWE2Yvh9fzOT2a0ACLYLopuDgJMVhLa,85967,85967,2,68418,1:51176->16967 | 3:16967->51176
อุบลราชธานี,2,constituency,1QSSxGpOHtr6a5HZEL6rrZsYAhMww3-1q,91206,91206,2,66242,1:33798->677 | 8:677->33798
ชลบุรี,8,constituency,1fUq3X3-b42FixRx5kn810RUVTQFuFwp0,86994,86994,4,65588,1:2046->34702 | 7:34702->2046 | 8:1043->1181 | 9:1181->1043
เชียงใหม่,7,constituency,1uLxueBYkqgDSlk5yHQtZZHl_aT6y7DYP,90578,90578,3,65182,1:3230->33492 | 5:33492->901 | 8:901->3230
สุรินทร์,7,party_list,16JPqBRvJdCNv3I8v1jGscdmrDcBUYKW2,85211,85211,25,65110,1:446->1857 | 2:1225->446 | 3:1857->1225 | 37:27891->None | 38:436->27891 | 39:56->436 | 40:88->56 | 41:29->88
อุดรธานี,5,party_list,1gfLK6c02kr__nbSUEkjrSFM5UA-Drxad,68942,68872,30,62469,1:325->None | 2:3108->325 | 3:2199->3108 | 4:495->2199 | 5:537->495 | 6:844->537 | 7:105->844 | 8:287->105
นครราชสีมา,16,constituency,1NzwSYAyAw6CwR9H2AsyavHm7ZAcwFOKh,83999,83999,3,62446,1:1215->32139 | 3:32139->916 | 9:916->1215
อุบลราชธานี,6,constituency,1Z_QOQH32AmWyD0y8Ez8ite_RVwTbbDIH,78144,78144,2,61364,1:2663->33345 | 3:33345->2663
กรุงเทพมหานคร,12,constituency,126l2phoIXU_8ORXIhxMCUGp1VhNEGEf9,103439,103439,9,60982,1:430->16106 | 3:368->15095 | 4:298->368 | 5:434->452 | 6:9527->434 | 8:452->430 | 11:1776->298 | 12:15095->9527
สงขลา,9,constituency,1sfr874SIv5LxR24N087UeyPpXg6QAG6M,100486,100486,2,60978,1:18986->49475 | 2:49475->18986
หนองบัวลำภู,1,constituency,1q5gsnf_vzJJljLPV_DdE7mKd0SUo1PNM,86812,86812,2,60880,3:1154->31594 | 9:31594->1154
กำแพงเพชร,1,party_list,1TAumYeeAL79Wyq640wH6KguHuGvVs0a_,91164,77846,37,60784,1:481->None | 2:5967->481 | 3:655->None | 4:1158->5967 | 6:2424->655 | 7:217->2424 | 8:632->1158 | 9:7569->217
อำนาจเจริญ,2,party_list,1BnohCn890RT8jyrocSvZBZ_doK-MQyxh,95867,95839,18,59384,1:290->None | 2:1729->290 | 3:1154->1729 | 4:266->1154 | 5:2859->266 | 6:2224->2859 | 7:145->2224 | 8:669->145
กาฬสินธุ์,5,constituency,1peRDABTfr2gyblRFtUuLwDL2SBW-2kLF,89758,41487,5,58700,5:48271->824 | 8:824->12077 | 9:12077->None | 11:457->None | 13:None->457
ภูเก็ต,3,constituency,1Wgi8BKGw8Hm1AT5KnLWd_4LN7papwaB4,75128,75128,2,58336,1:1192->30360 | 3:30360->1192
ลพบุรี,3,constituency,11ni1euivZs12xauGxIKjDEqUE6zC3rzC,99225,99225,6,57788,1:801->467 | 2:27504->670 | 3:467->27504 | 4:670->2527 | 5:2527->1816 | 9:1816->801
ชัยภูมิ,2,constituency,13s05tIh_IkfRhoCRoUSY4ub0_MHy3OSJ,79326,79326,6,54115,1:1254->54996 | 3:54996->None | 4:1314->None | 7:None->1687 | 8:1687->1314 | 9:None->1254
พระนครศรีอยุธยา,2,constituency,1ncR14QIzbVMNt60EeahJGq8Mg2ZcYuUt,94398,94398,7,52442,1:1356->25836 | 2:662->1953 | 3:25836->1356 | 5:1144->None | 8:244->1144 | 9:1953->662 | 10:None->244
นครราชสีมา,4,constituency,1_r5LHSoaIHYNliWSKNLRaagWj0-Nsok0,84302,84302,4,51646,1:1605->26339 | 3:26339->1605 | 8:182->1271 | 9:1271->182
ระยอง,4,party_list,11bOQwczbe1x2Mx-Bb_3RsWOYrR7O1t8D,88462,88350,33,51470,1:473->0 | 2:3818->473 | 3:417->3818 | 4:149->417 | 5:489->149 | 6:1924->489 | 7:84->1924 | 8:746->84
สระบุรี,4,constituency,1JcfVoWQLajenBCfG04w-Kn-8FLRrn2Cf,90067,90067,2,51434,1:2402->28119 | 3:28119->2402
กำแพงเพชร,2,constituency,1NIluGKk9rkWbP9EtYpEE6cC6PHx_y_Bw,97504,97504,3,51242,1:32930->42302 | 2:16681->32930 | 3:42302->16681
สระแก้ว,3,constituency,1d0dy0W34DwpoxkkaoHCxBhjNmzM5Tc7a,92868,92868,7,51196,1:32848->38812 | 2:13842->32848 | 3:38812->13842 | 5:1937->2324 | 6:2324->1937 | 7:243->484 | 8:484->243
สระบุรี,2,constituency,1Vy5polRSsWCx8jYyeREMHgvfx_Cwt3sa,99146,99146,5,50591,1:3291->27805 | 2:1782->1836 | 6:None->3291 | 8:27805->1782 | 9:1836->None
กรุงเทพมหานคร,7,constituency,1ValgLEY9IDP2tjduGw73t2M8x6aEuSKl,85181,44219,8,50146,1:2062->8012 | 2:1406->288 | 3:40962->6236 | 4:12037->11163 | 6:11163->12037 | 8:6236->1406 | 9:8012->None | 13:288->2062
นครศรีธรรมราช,2,constituency,160PpjAVMsGt1s52robMo5aa7qduqOhGP,91714,91714,4,49986,1:45334->21111 | 3:21111->45334 | 7:307->1077 | 8:1077->307
พิษณุโลก,2,constituency,1t5nHdrhrqFuA8YVPl2VKPCly0lujhDC3,88246,88246,2,49972,2:7084->32070 | 3:32070->7084
นครพนม,4,constituency,1VQ5lRThcfMGHU1zmKqFBODipcAAUJ8Ta,92181,92181,4,49722,2:11444->35119 | 3:35119->11444 | 4:451->1637 | 9:1637->451
ยะลา,1,constituency,1oyunMIrx_Ou1sQOsVjlJ4T1I94qlrKVf,90522,90522,6,49430,1:16200->31446 | 2:15216->20639 | 3:31446->16200 | 4:20639->15216 | 5:1136->5182 | 6:5182->1136
สมุทรสาคร,3,constituency,1bVHvtNcyLjVUpy1umAi6MBavHHefs6Ae,74704,74704,2,49328,1:6123->30787 | 3:30787->6123
เชียงราย,7,constituency,1sk0nGrprl5Fy6Kyz5o_R6NlE24eZyMYr,89036,89036,6,49293,1:1114->24729 | 4:609->1699 | 8:24729->609 | 9:1699->None | 10:646->1114 | 11:None->646
ปทุมธานี,4,constituency,1Q_vyNlUz5qW6zb0z0g9Voy1r_pPAbI01,90836,90836,4,47870,1:41039->17512 | 3:1495->1903 | 4:17512->41039 | 8:1903->1495
ชัยภูมิ,1,constituency,1qRbWj49s4ZgS2EUihGH08sIJIIrc0v-8,81673,81673,3,47688,1:24738->6739 | 8:6739->894 | 9:894->24738
ชลบุรี,9,constituency,1tElS-omfn39W2UNolZqnSLIjsRMUGnZh,62409,62409,3,46716,1:407->23698 | 2:340->407 | 8:23698->340
นครปฐม,2,constituency,1uxiaiKqO4UDjeCUcn8RmFYYV8XFoY80P,88517,88517,5,46452,1:369->44487 | 3:44487->None | 7:406->1573 | 8:1573->406 | 9:None->369
สงขลา,3,constituency,1INa9wcG-FG02Nn0umZvqBTcQmC4F4NDv,93176,93176,2,45248,1:25124->2500 | 3:2500->25124
กรุงเทพมหานคร,28,party_list,1awoGIPZJtfFq5wFTRTMS3IEbIkm0iqYW,94612,94506,28,44709,1:105->None | 2:842->105 | 3:300->842 | 4:119->300 | 5:191->119 | 6:2115->191 | 7:123->2115 | 8:241->123
ยโสธร,2,constituency,1XqAXsUDh6siM31Q8_dVssYRfQo4NKHWS,90902,90902,2,44706,1:28880->51233 | 3:51233->28880
อุดรธานี,4,constituency,1bIQKMCcqATd6_DTtsNTjL7m-O4zgkTLq,70876,70876,3,44362,1:658->22361 | 7:22361->180 | 8:180->658
กระบี่,2,party_list,19jHMap174RCPniYk-ouSw4Hjc4x_kP5_,81262,81262,23,43951,36:159->None | 37:8218->159 | 38:38->8218 | 39:37->38 | 40:20->37 | 41:18->20 | 42:188->18 | 43:151->188
ฉะเชิงเทรา,1,constituency,14Nw6SyLQ-9VSM9rpTBrZWAM46Z2MDl6F,96004,96004,2,42368,1:13705->34889 | 3:34889->13705
กรุงเทพมหานคร,25,constituency,1uGJc1eCCl9sBQyDElUshteZt8PBRGoh9,84112,84112,9,41142,1:1335->37035 | 7:37035->None | 8:357->980 | 9:980->1335 | 10:179->2493 | 12:2493->407 | 13:407->357 | 14:165->179
นครศรีธรรมราช,5,party_list,1soT_TqXpEYf184nVPomy4dwzFBYQVPW3,100951,100918,17,40539,41:24->0 | 42:1414->24 | 43:147->1414 | 44:33->147 | 45:51->33 | 46:18520->51 | 47:128->18520 | 48:86->128
นนทบุรี,5,constituency,1kw3q6E6Jk_F_Lb4LGt_g3sjGCarIpsv1,96107,54219,2,40199,1:1689->None | 8:41888->1689
กรุงเทพมหานคร,19,constituency,1NwGf-MJFU8oxNzTWv6gMLnxIS9sNIhGH,92191,92191,5,38588,1:13271->377 | 5:2415->546 | 7:546->17802 | 8:377->2415 | 9:17802->13271
สกลนคร,2,constituency,127TllTdQoVVUB-tM5pwYwAyb1evUW4DP,83880,83880,4,38310,1:633->19074 | 3:19074->584 | 6:584->1298 | 8:1298->633
ลพบุรี,1,party_list,1IguguUn1GilXTMjjoLrWMOU3JtmDwLjI,98815,75095,44,36342,1:346->12893 | 2:1313->2959 | 3:472->166 | 4:224->276 | 7:205->208 | 8:3440->472 | 9:12893->5012 | 10:2959->3440
หนองคาย,3,constituency,1JDOkP6nW0qNfSg27DBX_7ZzZ4epF6u32,78176,78176,2,36076,1:19381->1343 | 3:1343->19381
กรุงเทพมหานคร,23,constituency,1vvetQAREhZztZ-Ct-JpY8v8tUJN77QlJ,94233,94233,6,35308,1:17592->298 | 8:290->563 | 10:203->290 | 13:298->464 | 16:464->17592 | 18:563->203
ลพบุรี,4,constituency,1ZUZ03q1yly5smzZw4vXbDQbBZ47W8VL3,108277,108277,4,34154,1:1279->None | 3:1079->18256 | 8:18256->1279 | 9:None->1079
ยะลา,3,constituency,1tZfDrd_zH2ozDUEzgq355DdO8W5YVJ0t,86878,86878,3,33541,1:1369->34910 | 3:34910->None | 8:None->1369
เลย,4,constituency,1v6jcjqV3hDXHRPF7a1R69TR-dfqWlhXv,74118,74118,2,32398,1:3953->20152 | 3:20152->3953
ร้อยเอ็ด,4,constituency,1mcDCxqGFttnYzpFRNJvZxdma4MiRU-k-,80404,80404,3,31870,6:335->16270 | 8:16270->1106 | 9:1106->335
ขอนแก่น,4,constituency,1NdMSu0P6NSIap-c7ZMbMxRJaRFU5wWEu,90702,90702,3,31476,4:587->16325 | 8:16325->1205 | 9:1205->587
นครศรีธรรมราช,9,party_list,1AuRaRLkkzikcI9AjDHrUfcbTit9x4QxD,97194,97194,20,31242,39:42->0 | 40:11->42 | 41:10->11 | 42:112->10 | 43:78->112 | 44:24->78 | 45:33->24 | 46:15191->33
ชัยภูมิ,1,party_list,1I_RDI6wG2NWTc_C9wNwRFVXql_oD273o,81337,81275,9,30612,1:953->554 | 2:5706->953 | 3:411->5706 | 4:469->411 | 5:554->469 | 36:99->0 | 37:10042->99 | 38:325->10042
สมุทรปราการ,4,constituency,163vUrbLbBeG5Mqw8VJLMAR5GiW4tyvbG,92620,92620,3,29770,3:706->415 | 8:415->15300 | 9:15300->706
น่าน,3,constituency,12NuiOsfdjhX9CFXanbIf0kd6zTLMkh3E,79242,79242,3,29664,1:11813->16170 | 6:1338->11813 | 9:16170->1338
นครสวรรค์,3,constituency,1hy0aZho3Rv-a9px7yCAtGixBZtaVRik7,90997,90997,2,29662,1:7059->21890 | 3:21890->7059
นนทบุรี,3,constituency,1UTdMPQ_1aUFOqo-4QgtQ2dUtxAypjbUO,96521,96621,4,29488,5:1160->15854 | 7:47405->47505 | 8:15854->7291 | 9:7291->1160
นครราชสีมา,1,constituency,15ZGFtRWsjCMd5zInmWlMBH6irip22Cpj,80985,80985,4,28598,1:757->358 | 2:517->14417 | 8:358->757 | 9:14417->517
นครราชสีมา,14,party_list,1dIloQHIC2gRxInzTnqCz2H074gyJIVpz,75906,74529,7,28452,1:767->None | 2:1377->767 | 6:2173->106 | 7:106->394 | 8:394->12276 | 9:12276->422 | 10:422->2173
สุราษฎร์ธานี,2,constituency,1HCbzoJEGZwdsch7aM-BN1kprq7Up-qVx,81419,81419,6,27584,1:1695->15126 | 3:15126->12739 | 4:12739->3138 | 7:3138->1695 | 8:109->470 | 9:470->109
ร้อยเอ็ด,8,constituency,1NNCqHpPF_wvXJoJPilR0_Uv_tgWUjrMN,85433,85433,2,27510,8:11351->25106 | 9:25106->11351
สุรินทร์,1,constituency,1ZmESFjKO21sDUhzT7Cmpo3Fotom3adPy,85981,85981,2,27362,1:9423->23104 | 8:23104->9423
สระบุรี,1,constituency,1O40KsvpJeUat1Mq8PrUccBFfr86r75Fg,88053,88053,2,26832,8:1156->14572 | 9:14572->1156
มหาสารคาม,2,constituency,1IzBtSsI-hIBOkAIVWZm3Vf-7PMWed3EY,78715,78715,4,26324,1:7793->13838 | 6:676->7793 | 8:13838->901 | 9:901->676
ศรีสะเกษ,9,constituency,1W0GZEKBUXl3n1JhGtBqi_1V3xg2o_n-p,88566,88566,6,25998,3:555->12281 | 4:359->1069 | 5:214->555 | 7:137->359 | 8:1069->214 | 9:12281->137
บุรีรัมย์,3,constituency,1p6sMMfwzDg40BHVrzlBf0-XONxLm2DyP,72175,72175,4,25764,3:10630->507 | 5:3054->295 | 6:507->10630 | 8:295->3054
กำแพงเพชร,3,constituency,12fpaLotgxlIDzg44Qn4K58pKJQVrFhN5,83994,83994,2,24952,1:550->13026 | 8:13026->550
สมุทรปราการ,3,constituency,1GwNRtCZwEXA906c5nbMbRfzvdUiNgHg3,88488,88488,3,24854,6:849->13276 | 8:13276->1328 | 9:1328->849
อุดรธานี,8,constituency,1Tc82r5UT_JNiO0g35d2W1eBFJ8Z2SZQZ,71066,71066,3,23756,1:634->12512 | 8:12512->1842 | 9:1842->634
อุบลราชธานี,9,constituency,1CWKYI3KRsdsbbXfnr02JBIUenZy3AbGx,78470,78470,4,22506,1:11382->129 | 5:6786->11382 | 6:369->6786 | 7:129->369
ปทุมธานี,5,constituency,1pg72LwM4HlAml2dRTNTB4K2yASF4lnBo,82519,82519,2,21756,6:2063->12941 | 8:12941->2063
ร้อยเอ็ด,6,constituency,1MY8F_fKTLk0F7HsQ-D7TTOEmpTNWl28v,76554,76554,2,21060,1:752->11282 | 7:11282->752
ศรีสะเกษ,2,constituency,1kg77waLv7sBVH8e7yiLTtMbN6m7Fdd8K,80721,80721,5,20734,1:1166->10448 | 3:10448->1392 | 5:201->1166 | 8:81->201 | 9:1392->81
บุรีรัมย์,10,party_list,1SOjcUbbsRoaTnE3nZy3guCDeOr42f0Ou,69607,69396,12,18679,1:386->None | 2:2758->386 | 3:237->2758 | 4:85->237 | 5:289->85 | 6:598->289 | 7:169->598 | 8:625->169
บุรีรัมย์,9,constituency,16sko54J6QH2HABsaRop6an4J5l9x2L4k,73695,73695,2,17086,3:8695->152 | 8:152->8695
ขอนแก่น,5,constituency,1XHTpaTferlNSVC_8klXkUOvIA7Zju4hT,81109,81109,8,16290,1:1685->8867 | 2:8867->1685 | 5:619->1043 | 6:409->619 | 7:193->409 | 8:80->193 | 9:1043->87 | 10:87->80
ศรีสะเกษ,3,constituency,1U8LtWfzf8ge0dSY6nBnjTbUSTlrPPUvI,76586,76586,2,16234,5:8230->113 | 8:113->8230
มหาสารคาม,4,constituency,1ybMxyu9c8tJ4LDaM_BjHAyLMX_KVO3HW,80681,80681,3,15384,1:15459->30843 | 3:30843->None | 9:None->15459
ตรัง,2,constituency,1ySBEX4zLuxtOgmriabNvdt9eAppbwEfA,95121,95121,4,15190,2:4184->8159 | 3:564->4184 | 6:8159->645 | 7:645->564
หนองบัวลำภู,2,constituency,1VcPefjA7n3vM81HLF5MeYye_O72OI0MC,79482,79482,3,14912,1:7705->249 | 8:249->1823 | 9:1823->7705
กาฬสินธุ์,1,constituency,1zyrX9yI2WDi4GVmDKDN_1krGBRIeIugv,83744,83744,7,14260,1:21477->16870 | 2:700->1045 | 3:1045->700 | 5:3616->1438 | 7:16870->21477 | 8:1513->3616 | 9:1438->1513
บุรีรัมย์,5,constituency,1aALjOI_Izfcwr6x45K3_1w3ZYXE2pIJ4,76650,76650,2,13724,1:7914->1052 | 3:1052->7914
พิจิตร,2,constituency,1QQSpruteYr1I9xTEoJxe7Wkc6iHbeoaP,83178,83178,5,12294,1:12757->None | 3:463->12757 | 4:991->None | 8:None->991 | 9:None->463
นครศรีธรรมราช,3,constituency,1DHM9lj2gC9uwDvIN33v2flrFpOwLwERK,93045,45491,2,12012,1:47554->35542 | 8:35542->None
ลำปาง,4,constituency,1bZ4VxL1TcM4q0d1RA4b83SWJIykgc6UL,104442,104442,5,11740,1:1435->None | 2:13288->None | 4:1548->13288 | 8:None->1548 | 9:None->1435
กรุงเทพมหานคร,17,constituency,1w3OSjYXd8Dnf3mHnuYsmyziJT7xcVfhd,71720,71720,3,10506,1:5611->358 | 3:358->1604 | 8:1604->5611
นครราชสีมา,6,constituency,1D-oOnbmgRY8dbqhq3X1tUm5Mr7919-lg,81811,62698,2,8860,1:27973->None | 4:19113->27973
สระบุรี,3,constituency,1QapmNRw8w4bzfrQ_CB4qkKT7FCNGc7rr,91451,91451,5,8552,1:643->1247 | 3:1247->4647 | 6:515->643 | 7:371->515 | 8:4647->371
อุดรธานี,3,party_list,1wPIoTLIqXsWSjcsokmNKf6WBBW5OBeUb,74655,74655,3,8546,1:2416->571 | 2:4844->2416 | 3:571->4844
นครนายก,1,constituency,1CwSaIrN8aqGRbkJ6FzVTrnasSp0zJYQv,76781,76781,4,8534,1:29822->33707 | 2:33707->29822 | 4:908->1290 | 5:1290->908
พระนครศรีอยุธยา,4,constituency,1Asn2Bwx08v7gu4umTaJ-KNMoI-7flfQp,106913,106913,5,7970,1:5682->13512 | 3:13512->None | 5:1104->1034 | 8:1034->1104 | 9:None->5682
นครศรีธรรมราช,4,constituency,1egL2J29xACWYPx6tH4JCXvBNk8hS9Bae,97047,97047,2,7652,1:3705->7531 | 3:7531->3705
นครราชสีมา,11,party_list,1GKeKNPDNhC3Ac0AVm6zrHoLFHrQ1VwQ1,84866,84866,3,7264,1:428->4060 | 2:2099->428 | 3:4060->2099
ระยอง,5,constituency,1eslhYSidMcihgOc9AiTQWwKo9KQEEqsv,81289,81289,2,6896,1:5120->1672 | 4:1672->5120
นนทบุรี,4,constituency,1OFVDpp7H4PdU_C6NZL8GWkHcCVi6yTYl,85203,85203,2,6816,6:646->4054 | 8:4054->646
ขอนแก่น,8,constituency,1_bFGWp1va2Ei4lhSGRgCwubqatmZ3tlU,89683,89683,2,6778,8:453->3842 | 9:3842->453
ชลบุรี,3,party_list,1T4LvEdP1tIIf4unGuSJRkz2MGuM_Wena,91927,91927,3,6672,1:377->301 | 2:3637->377 | 3:301->3637
อุทัยธานี,2,party_list,1wAmGK6xGSHvA7CLwF4Qlj8QSD8QeH1mm,77279,77047,4,6090,1:843->0 | 2:3161->843 | 3:633->3161 | 4:232->633
นครราชสีมา,5,party_list,1nXv-7fapX3DrukXugwLjO8DEs9Z3LcpT,86005,86005,3,5934,1:3264->297 | 2:2075->3264 | 3:297->2075
สระแก้ว,2,constituency,1DZZkTEb26rucS_HBRHdNjq9JCbQoEEix,89351,89351,3,5820,3:647->3362 | 8:452->647 | 9:3362->452
นนทบุรี,7,constituency,1XQZTpIeiR5vqh4E6_8TRK-Y5Pk0xhloc,93993,93993,4,5782,2:472->2686 | 7:1006->1683 | 8:1683->1006 | 9:2686->472
บุรีรัมย์,10,constituency,1brg1wX75_DM6pbH8n-0inFOYQx1CNsj8,69176,64955,4,5718,1:4221->9229 | 7:9229->None | 8:114->469 | 9:469->114
มุกดาหาร,1,constituency,17oXsEBd3sEknl5jjb2nUWcBHOfK5ExeO,98985,98985,6,5654,1:927->None | 2:21369->23583 | 3:23583->21369 | 8:145->1149 | 9:1149->927 | 12:None->145
สระแก้ว,1,constituency,1NLlQEXi-J5Luf_X7U7ijgj7uvLLV0Dzf,89613,89613,3,5564,1:2999->217 | 7:2661->2999 | 8:217->2661
นครพนม,2,party_list,1ZMg2XdWwDWqA0-wim77xd9viBYrOI-Uj,86927,86927,3,5548,1:3380->606 | 2:2200->3380 | 3:606->2200
ปัตตานี,2,party_list,1gpZ3Cr_r6LR_LyapXIZO2EPou774f4RF,75538,75538,5,5224,1:910->323 | 2:2935->910 | 3:1253->2935 | 4:503->1253 | 5:323->503
อุบลราชธานี,7,party_list,16hUZhXo2517w-72EnVv0rYpkeOlqQ7_s,84963,84603,4,5058,1:2617->268 | 2:1860->2617 | 3:268->1860 | 46:14844->14484
ศรีสะเกษ,7,party_list,1PkRzlAfP6aPnAHn7mSqFLoZPwtF7RSTi,78925,78587,5,4858,1:2387->0 | 2:1153->2387 | 3:224->1153 | 4:127->224 | 5:338->127
อุทัยธานี,1,party_list,14EWe6kmIMSYqtDLu6JUQYColK1iqbM61,77569,77398,4,4839,1:402->0 | 2:2505->402 | 3:458->2505 | 4:171->458
กรุงเทพมหานคร,5,constituency,12OhytfHmQj9DZwl72aJuFmjZtd5FQU-N,90792,90792,7,4664,1:507->220 | 2:231->1056 | 7:1741->507 | 8:245->1741 | 9:1056->987 | 10:220->231 | 11:987->245
สกลนคร,7,constituency,14fWn_R2iCBzQSy8EvKwZaGlCnvGN69KN,71830,71830,3,4478,6:639->2359 | 8:120->639 | 9:2359->120
ขอนแก่น,1,constituency,1omeFP2AmW4UZ-nzTDIz2OMKRemMyoVnX,83007,83007,2,4324,1:2719->557 | 8:557->2719
สุโขทัย,2,constituency,1Ixhj1lsXlNi7jIb7jHsDbRy7ckjiQ0p-,71207,71207,3,4118,5:873->2282 | 6:2282->223 | 8:223->873
อุดรธานี,2,constituency,1cGikVMKai3Z2GKauU7POitvPJJv7WAbO,82554,82554,2,3872,8:399->2335 | 9:2335->399
เลย,2,constituency,1ldab7T4v1h_usKrIevE3KijPEyKOGfhZ,72730,72730,3,3810,1:5393->None | 4:1583->5393 | 8:None->1583
สุพรรณบุรี,2,party_list,1Jd9h8VrX5IcUG21YkZQXnILls1CKFqsL,84219,82141,5,3538,1:522->None | 2:1120->522 | 3:451->1120 | 4:129->451 | 5:2078->129
ขอนแก่น,10,party_list,1ZBmyKCeKZkJzCWu6IhV-lkZyQpOj8o2h,83642,83642,3,3494,1:2156->409 | 2:1341->2156 | 3:409->1341
พะเยา,1,constituency,1UfOYjuAa3ydHCM9Rztik8HN3MZoVp1uP,91616,91616,3,3472,1:2790->1054 | 4:1054->1228 | 5:1228->2790
อุบลราชธานี,1,constituency,1dSPVtLDJgCtYucK2orDqxQnJITODrR7C,87991,87991,2,3390,3:588->2283 | 8:2283->588
อุดรธานี,1,constituency,1p3E2sb1lKmg-YI-pUNsb7fZcpoPVu327,76456,76456,4,3186,1:869->1877 | 3:1877->1648 | 8:284->869 | 9:1648->284
ชลบุรี,10,constituency,1YSZ7bExOx_gVbNQxusQZYozXqdvvRyb1,82457,82457,2,3034,1:336->1853 | 9:1853->336
นครราชสีมา,13,constituency,1SFO8xaUkxrQPWEvAb4xieDOIM01nLEAm,66505,66505,3,3028,1:3028->None | 3:0->310 | 8:310->3028
นครพนม,3,party_list,1EvPknBEZtVGPGoOCyVqGwnuy9UD3jSlH,88074,88074,3,3010,1:306->285 | 2:1790->306 | 3:285->1790
ประจวบคีรีขันธ์,1,constituency,1cupM4QyYQP61yjXHgaRDfXeTn63VktDG,112249,112249,2,2950,1:2477->1002 | 6:1002->2477
ชัยภูมิ,6,party_list,1Vt_fecvJV-0GxOXqS7u7fdVC_OIpQq3M,81810,81810,3,2888,1:464->447 | 2:1891->464 | 3:447->1891
อุดรธานี,6,constituency,1Sh5Br6y0CQqPk2qn3JTqzCC2PivTtwZR,77405,77405,4,2846,4:341->1487 | 7:147->341 | 8:64->147 | 9:1487->64
นครราชสีมา,7,constituency,1tpX1CiOz0-IBmoJ0hOU3hAZKmMtHHLY2,76958,76958,2,2812,8:77->1483 | 9:1483->77
นครปฐม,2,party_list,17_kmSc5xFuI_ITM7hCyQlOYwFy1FB7Du,87501,84751,3,2750,1:144->0 | 2:1262->144 | 3:2750->1262
กาฬสินธุ์,2,constituency,1W15Zq7awfjPWG12O4wEcU7-QwD7iaG4l,76321,76321,3,2740,1:1154->165 | 8:165->1535 | 9:1535->1154
ชลบุรี,4,constituency,1G6S4w7kgU84X9ZfujGg1ws7XTgYOb0J5,80770,80770,3,2602,1:987->2151 | 3:2151->850 | 4:850->987
สกลนคร,4,constituency,194S0wd8R8XJCWl7F5CwQm2-OFsZxlX1G,75903,75903,3,2582,2:830->3412 | 9:3412->None | 12:None->830
หนองคาย,1,constituency,1wHWZJl0oCsp8mAR2oF_O1xDYY--m8WAt,88967,88967,2,2526,1:1768->505 | 7:505->1768
พังงา,2,party_list,1v62wQnNHTh-CsMo3A5D52d7f6Teh0qrW,76833,75624,3,2503,1:228->None | 2:1970->228 | 3:1209->1970
นครพนม,1,constituency,1gHIIrx6ollkuOsxbeJvVvcrLZ23L3LwM,94537,94537,2,2496,8:140->1388 | 9:1388->140
ยโสธร,2,party_list,1_3dCeVrcsmSIH9JdzPl6MVV-H5k3cMJo,89211,89109,4,2462,1:1516->None | 2:1416->1516 | 3:1940->1416 | 4:102->1940
หนองบัวลำภู,3,constituency,1oZuOEiibgaBlqkPiAqY0S1QUt92adlp1,77865,77865,4,2450,6:486->1383 | 7:224->486 | 8:158->224 | 9:1383->158
นครศรีธรรมราช,8,party_list,1nckwSq4UtM-IS8gfmEyRiEt_xGcEO_t2,94013,94013,3,2328,1:1305->141 | 2:576->1305 | 3:141->576
เชียงราย,1,constituency,1jQKVr5f340tAWgOlMCH_NRDeAfi0X2Oz,98917,98917,2,2236,8:243->1361 | 9:1361->243
นครราชสีมา,9,constituency,1rp0vzjPS0gMJzmbm-vOqinT0Wu1qHtgW,87655,87655,3,1998,7:258->1150 | 8:151->258 | 9:1150->151
เพชรบุรี,1,party_list,1rv9vm0RomuUFhvWQUi0IMyLpdgUs_o6A,90344,88077,3,1974,1:293->None | 2:1349->293 | 3:2267->1349
นครปฐม,1,party_list,1TxvcDFbPiVS-FAHj48dsMnwsls1m8PZo,95758,95758,3,1952,1:202->300 | 2:1178->202 | 3:300->1178
กระบี่,2,constituency,1O-m1c3dlYRHNvRZ1zcAs9wVOkeAtYE_W,78999,78999,5,1881,1:2694->None | 3:813->828 | 6:1275->2694 | 7:828->1275 | 9:None->813
นนทบุรี,6,constituency,1A3Bd-NMdEFtIljMRpAMp98JHq0Xpija5,99026,99026,2,1836,7:1741->823 | 8:823->1741
กรุงเทพมหานคร,11,constituency,1MEEhXhNx4j9A17_xD92KmQ4e63SmhDpg,94993,94994,4,1811,3:180->181 | 4:996->203 | 8:203->1108 | 9:1108->996
นครราชสีมา,5,constituency,1K2bZs0qeA8LjtbbzGOSo4BJAj_4c6259,87644,87644,2,1738,8:302->1171 | 9:1171->302
ชลบุรี,2,constituency,1UHrjDPOpmNm04LV-p1CZqY1GdUWGkJCh,78825,78825,4,1702,4:279->None | 7:281->1131 | 8:None->281 | 9:1131->279
สุรินทร์,3,party_list,1l9CnCwAhN00-SoFJd22ABhW_Teb5cWMo,78837,78937,4,1700,1:601->289 | 2:1089->601 | 3:289->1089 | 9:17479->17579
มหาสารคาม,1,constituency,1IO2mowaFL3d6-WQaaQwpNDIx1pQujQQQ,84916,84916,3,1600,2:503->890 | 9:890->90 | 10:90->503
ขอนแก่น,2,party_list,1pbqyfJc3osHAzdyz40u7ORu-ck8aPzJe,98548,98548,3,1598,1:1365->2048 | 2:1249->1365 | 3:2048->1249
บึงกาฬ,2,constituency,1uOE6HGXjFNb2WZXBoEMX7IOrlmvBXuyU,72072,72072,2,1598,8:130->929 | 9:929->130
ฉะเชิงเทรา,3,constituency,1ihcB95g1ULPyw4FR5SsANWy9MsNwNv28,93753,93753,4,1433,3:929->2003 | 5:570->929 | 7:2003->None | 8:None->570
กรุงเทพมหานคร,20,constituency,1-hsdjz9J86nvvKe9ELI3kdejY49BtLMh,81935,81935,3,1422,1:1135->424 | 5:424->1018 | 6:1018->1135
สุรินทร์,2,party_list,1IC1nGO3pebf3RIC6qYuSowi_ynyeUQ8P,88367,88236,4,1405,1:208->None | 2:872->208 | 3:463->872 | 4:131->463
ชลบุรี,7,constituency,1Qo3iFTyE9LLEH6mlIWN0TlmFnUeD9zbD,82754,82754,2,1376,8:1412->2100 | 9:2100->1412
สุราษฎร์ธานี,1,constituency,103uWXA1m4lAzundJxupH-uXN4lK4HV1w,76258,76258,3,1344,6:564->884 | 8:212->564 | 9:884->212
สุรินทร์,3,constituency,115_l6se7XcVnV_wLjRCqxWpiUV3cgRUt,79639,79639,3,1334,5:413->993 | 8:326->413 | 9:993->326
ศรีสะเกษ,5,constituency,1HHCl6bPD2AVET2fkkjEcIQhybZolGRh4,79671,79671,7,1325,1:619->None | 3:652->None | 7:395->887 | 8:87->652 | 9:887->619 | 17:None->395 | 18:None->87
สมุทรปราการ,1,constituency,1AKmivPbAoeYNwLO1Num3ZLrVWbcbbrhN,87879,85813,2,1304,1:762->None | 8:2066->762
ลพบุรี,2,constituency,1pmZCFtmXTURK0fVrqhalUIOQbt2AUz0I,110045,110045,3,1290,7:317->962 | 8:962->833 | 9:833->317
ขอนแก่น,9,constituency,1J203qZwj8n27Wla6qa3tij7xtXKOOqR2,81101,81101,3,1215,5:None->397 | 8:397->1612 | 9:1612->None
ปทุมธานี,2,constituency,1PuITLuq5ofu5yCvgvnR6KTyzjKTB2HBu,97032,97032,3,1198,3:438->1037 | 8:1037->727 | 9:727->438
นครปฐม,5,constituency,1wBuFqYuxRvOuZFjsbV_EAIne8afm5d5T,99742,99742,3,1197,1:1472->None | 8:275->1472 | 10:None->275
กรุงเทพมหานคร,10,constituency,1AIZIgOpf-7FHKnwxzEkzGJNUciJe7AE7,91913,91913,2,1150,1:2012->1437 | 8:1437->2012
ชัยภูมิ,7,constituency,1zFzg9N8ch5fcFc87zpxhZJ6Bs7KbCARg,81542,81542,2,1144,8:295->867 | 9:867->295
นครพนม,3,constituency,1c9ZE4822AqCc8uuu0k9YKz3cd3uhQXjv,88863,88863,3,1105,5:594->1699 | 8:None->594 | 9:1699->None
สุรินทร์,6,constituency,1MKZkJE2rm1UCwX_6rLMvx3ScQNLUZ1lo,76550,76550,2,1030,8:224->739 | 9:739->224
นครปฐม,6,party_list,1edFWLejArJQA1PKk_ukTFPUrBadcqdjT,91036,90857,4,997,1:378->0 | 2:567->378 | 3:158->567 | 4:179->158
ชลบุรี,1,constituency,1o4aTepSQFEnoRV4owjzj0KXLy3C1aDeE,97585,97585,2,980,8:183->673 | 9:673->183
อุบลราชธานี,3,constituency,1mpFKiJHanR1Ki9XuN4iEll7Yvd-dZDOA,86097,86097,3,972,6:625->745 | 7:259->625 | 9:745->259
นครปฐม,3,constituency,1yDnIyptGZaNcCmVc4D35AxSFBjmYXF57,83624,83624,2,932,7:764->1230 | 8:1230->764
ปัตตานี,1,party_list,1DRULipMiBeow9ZYDZYkEpZFc4mtfKbt8,68916,67795,3,890,1:231->None | 2:502->231 | 3:1121->502
บุรีรัมย์,6,constituency,1SjZ7A--v_7zwNNbFQTHUnrYeFPNhyCLN,73608,73608,2,890,8:237->682 | 9:682->237
สมุทรปราการ,4,party_list,1jNUBveZJQy_YulqGCYEKylCnEOrnVazl,95537,95308,4,881,1:146->None | 2:556->146 | 3:144->None | 4:85->556
นครศรีธรรมราช,6,constituency,1KbHuzEWBLEtlzVt0MBLVgVTGp-GcETzz,100028,100028,2,840,8:100->520 | 9:520->100
ตรัง,4,constituency,1av9wvnXH5jxyRGssfIAVZePZMYMbKIkF,93671,93671,5,836,3:548->571 | 4:696->548 | 6:1236->None | 7:571->1236 | 8:None->696
สมุทรสาคร,4,constituency,1UAcq9cPe0JiXj2SHDvRwfs5FdE9DY5ip,78327,78327,2,830,5:1330->1745 | 8:1745->1330
สุโขทัย,3,party_list,1yDDqHHb41bUcAyQcHXZdun4A1Da8kwmg,74676,74676,5,768,18:18->43 | 19:43->32 | 20:32->391 | 21:391->32 | 22:32->18
บึงกาฬ,3,constituency,1VzpODNa7IjE6eDVMtTKidQep3biv-LHB,70033,70033,2,758,7:287->666 | 8:666->287
สงขลา,2,constituency,1Nh8zcREMw2k0XXfgUaPdavBZt0wlGXuu,78663,78663,3,734,7:233->450 | 8:83->233 | 9:450->83
ฉะเชิงเทรา,4,constituency,1aJDY6jDoR5-QBmd5Lcxns97DgUHXiqW2,112107,112107,2,712,1:1162->806 | 3:806->1162
เพชรบูรณ์,4,constituency,1gF0ROpGLDxaZDHRLxNbDEruFusxou2Ds,72394,72394,2,688,10:107->451 | 11:451->107
นนทบุรี,2,constituency,1myXUDrrf9kCSnt4RAoYyP8UJYjalqalX,81123,81123,2,686,8:563->906 | 9:906->563
กรุงเทพมหานคร,32,constituency,1Oc6RvuUPxGsSHtjvpn5opoiaEkVMOWET,85631,85231,3,568,11:435->351 | 13:351->435 | 15:39727->39327
ศรีสะเกษ,4,constituency,1cNN2L6UhU44Cfa6RUSXxWrpCTGzwUQUc,77864,77864,2,558,8:93->372 | 9:372->93
ภูเก็ต,1,party_list,1nFOsMX_j7gm-5zMbEg-E6NYL-sIt8lt-,68696,68696,4,530,1:68->245 | 2:245->68 | 3:157->245 | 4:245->157
มหาสารคาม,5,party_list,1Y-lQxxjXxOKl_J2v_G15p7GqRVUl3K8w,78705,78705,2,508,1:2398->2144 | 2:2144->2398
ตราด,1,constituency,1jz-0kVy9dA3AH5EAzo4iPBP0MpfwO1Gw,115576,115576,2,454,3:4084->3857 | 4:3857->4084
ยโสธร,3,constituency,1c9-eRCLNqh4MmJ0WWgbplg27dRmiZyVm,93914,93914,2,400,5:415->615 | 8:615->415
สกลนคร,7,party_list,16FI3vc3qiiaIxNaXN3WLn8c3a6alE-rQ,71983,72383,1,400,33:152->552
สุราษฎร์ธานี,4,party_list,14rlLfimeAkhgDAP6dERIF1Xh4sxyqTpB,94398,94658,2,340,27:57683->57643 | 31:75->375
บุรีรัมย์,1,constituency,1JaZfY6oPJReUc6aTS75P_aKkxDRdzEDL,78889,78889,4,330,1:1052->None | 4:722->754 | 8:754->1052 | 9:None->722
ปัตตานี,2,constituency,1oNDN07U5JRnanJkf3rh7hXAqLUqJpF_c,75926,75926,2,324,1:13920->14082 | 3:14082->13920
มหาสารคาม,3,constituency,1j6dNC2Axb2waUo45Q22vGqueIE5eRikg,84786,84786,3,302,3:224->177 | 8:73->224 | 11:177->73
เพชรบูรณ์,2,constituency,1dWgmLq-ia5JUDaAXg5hIdzIeiePab88u,95529,95529,2,302,8:88->239 | 9:239->88
บุรีรัมย์,7,constituency,1EPama8IyI5z4qJgbAWgK8HH2aTF1o_LO,74537,74537,2,292,8:734->880 | 9:880->734
กรุงเทพมหานคร,18,constituency,1b62sjGfa-FTcRNvMPwYuLqpVeFlzcAo1,80204,80204,3,274,1:496->359 | 3:359->372 | 8:372->496
เชียงราย,6,constituency,1eYovEvqkmUziQeMYO3Ce370rkRbnK1ck,76481,76481,2,256,5:301->429 | 8:429->301
มหาสารคาม,6,constituency,1DZEzbzWTvLsDMIzE21a7WqmLM1jsZ7lI,87058,87058,2,248,5:227->103 | 8:103->227
นครศรีธรรมราช,5,constituency,1hqMrx5lWZkssz_dSPlcn3SS6xrQdKajZ,100294,100294,2,242,8:263->384 | 9:384->263
นนทบุรี,8,constituency,12pmuzMUzTZlf5-Nh4gogNTF9nfaSlDBe,88860,88860,2,234,6:852->969 | 9:969->852
สุรินทร์,8,constituency,1-L64b43MsUtP0s0wQTwrbg7b5zCHHe2e,78919,78919,2,226,6:521->408 | 7:408->521
สตูล,2,constituency,1m5-8PO7hr2nRyioJuyXxEi1ub2OWa_AQ,90555,90555,2,206,6:917->1020 | 7:1020->917
ขอนแก่น,3,party_list,16OISCaCy8u3P_6tXQ0Pg9ZyWuBoDkDGS,84521,84711,1,190,47:111->301
พัทลุง,3,constituency,11KaeoKS59Mlfiw_H5a2HFGYBEGbf5cyj,108849,108849,2,148,8:379->453 | 9:453->379
สุราษฎร์ธานี,4,constituency,17bYwZgtC0jEVhm0A3ZL5Qy38i4jtcM5L,94443,94443,2,142,1:608->537 | 3:537->608
นครสวรรค์,5,party_list,1vifvpiF4lzLzS_kiWkYuYhZDQrqIy5wo,85271,85271,2,122,46:316->255 | 47:255->316
นนทบุรี,6,party_list,1FOoRVeiYO1JkpWlgOgAMfNsjhHUdq-OI,103361,103466,2,105,10:570->670 | 38:74->79
กรุงเทพมหานคร,33,constituency,1KTQwfCYT6bpqVPd0KkccjtexXf0PnAAI,94416,94516,1,100,1:7451->7551
ตราด,1,party_list,1rvAzvx4i5PFLNZvBolJascEq1CcNWoGo,114946,115046,1,100,57:73->173
ปทุมธานี,2,party_list,14-4z4Dc9kLgJ2sehT1Msv74gjj7Bnxml,96562,96662,1,100,9:17463->17563
ภูเก็ต,1,constituency,1UL0_qHKvRSmWf0Deo1IwKIIOlDzDzjmd,66360,66460,1,100,3:19458->19558
สกลนคร,4,party_list,1KKoB8PCeeB0KNv5cuRMr8WQ1LPCURFUf,76144,76244,1,100,33:123->223
สมุทรสงคราม,1,constituency,1UBbkVeBZm8EILgnGZWn0LZnAAVBPCmZw,101938,102038,1,100,5:39492->39592
สุโขทัย,3,constituency,1Fj2mnEa5kJASO5porZgBzbMnK_M5Wp-y,73310,73410,1,100,1:47416->47516
เชียงราย,5,constituency,1Kb8ql_MqEHAS9VJevXvBIWg4hz-1gTA6,91365,91465,1,100,3:17405->17505
เพชรบูรณ์,3,party_list,1CYiElgYWXFwER8gYkkeH8q2sXVODgoR9,83320,83420,1,100,27:7457->7557
ศรีสะเกษ,8,constituency,11I7ad9ph4lA9TiRSEPT4VJBmMg5fAH7R,84175,83672,3,88,3:415->None | 7:503->435 | 8:435->415
สกลนคร,1,party_list,1kIm0liXTa7mJ1XM8TzzFkPE7mYqvtBqX,89020,89020,2,2,37:16554->16555 | 48:700->699
ตาก,2,constituency,14OLeBu0jiQhxyVdV9_Rlo29N-dYnlhVj,61640,61640,4,0,1:1501->None | 5:11936->None | 8:None->11936 | 9:None->1501
พระนครศรีอยุธยา,5,constituency,1-UUGiZCNSbat-q_-MUI2Eor0jOsy1AeM,98383,98383,4,0,1:1048->None | 7:46623->None | 9:None->1048 | 76:None->46623
ประจวบคีรีขันธ์,3,constituency,1tgSNjiU7m3QfYp0dyslPKIkpzjbTZvgU,98409,98409,2,0,1:12135->None | 8:None->12135
ปัตตานี,4,constituency,16wAGqiS1-g0wzYu27egDhZQjxXfOK4zZ,80409,80409,2,0,1:5423->None | 8:None->5423
พังงา,2,constituency,1FLLtTod8zVen0q-6aUWhtASKstElFIZl,75502,75502,2,0,1:1828->None | 6:None->1828
สุราษฎร์ธานี,6,constituency,1ryeYhchULuykEsAyJa3NcRl-av2NJU_z,98147,98147,2,0,7:None->116 | 8:116->None
อุดรธานี,7,constituency,1plokL-FbpOUb8G7367SjzOcJ9Amf2lqL,71025,71025,2,0,1:1003->None | 11:None->1003
เพชรบูรณ์,5,constituency,1z7kTV5-MThELHJ5xTQAjoYNhX33mYdvZ,73475,73475,2,0,1:None->16678 | 3:16678->None
เลย,1,constituency,1x2AwATGArlDIOrC37HowKeS18mxQmc72,85064,85064,2,0,3:1763->None | 9:None->1763
ขอนแก่น,10,constituency,1-HL5orOff1JDiAKmv1bXQCeVDHlZDh3x,83757,51030,1,0,1:32727->None
นครปฐม,1,constituency,1UmRDl0Jvn80w1JHRCNpE-dhsdZfe19iB,95931,38584,1,0,8:57347->None
ระยอง,2,constituency,1FoMMf18LQ0PfTNp5dVrKu2DpDNp8s1gT,68551,34864,1,0,1:33687->None
สุรินทร์,7,constituency,10OBkJjf9pihmZfUFV5is0roGcscblfdC,84840,71488,1,0,1:13352->None
อุทัยธานี,2,constituency,1loTk_MIZRBB7Swmks-8gycWg9wFJE7jh,77470,69437,1,0,1:8033->None
